period,wallet_name,wallet_address,wallet_avatar,account_name,win,loss,pnl_usd,pnl_sol,telegram,twitter
1,Joji,525LueqAyZJueCoiisfWy6nyh4MTvmF4X9jSqi6efXJT,https://cdn.kolscan.io/profiles/525LueqAyZJueCoiisfWy6nyh4MTvmF4X9jSqi6efXJT.png,525Lue,1,8,"($46,806.1)",+262.67 Sol,https://t.me/jojiinnercircle,https://x.com/metaversejoji
1,Jijo,4BdKaxN8G6ka4GYtQQWk4G4dZRUTX2vQH9GcXdBREFUk,https://cdn.kolscan.io/profiles/4BdKaxN8G6ka4GYtQQWk4G4dZRUTX2vQH9GcXdBREFUk.png,4BdKax,18,6,"($13,942.7)",+78.24 Sol,https://t.me/jijosjournal,https://x.com/jijo_exe
1,West,JDd3hy3gQn2V982mi1zqhNqUw1GfV2UL6g76STojCJPN,https://cdn.kolscan.io/profiles/JDd3hy3gQn2V982mi1zqhNqUw1GfV2UL6g76STojCJPN.png,JDd3hy,21,32,"($13,887.7)",+77.94 Sol,,https://x.com/ratwizardx
1,Latuche,GJA1HEbxGnqBhBifH9uQauzXSB53to5rhDrzmKxhSU65,https://cdn.kolscan.io/profiles/GJA1HEbxGnqBhBifH9uQauzXSB53to5rhDrzmKxhSU65.png,GJA1HE,20,36,"($12,663.9)",+71.07 Sol,,https://x.com/Latuche95
1,Kadenox,3pZ59YENxDAcjaKa3sahZJBcgER4rGYi4v6BpPurmsGj,https://cdn.kolscan.io/profiles/3pZ59YENxDAcjaKa3sahZJBcgER4rGYi4v6BpPurmsGj.png,3pZ59Y,44,59,"($11,932.2)",+66.96 Sol,,https://x.com/kadenox
1,dv,BCagckXeMChUKrHEd6fKFA1uiWDtcmCXMsqaheLiUPJd,https://cdn.kolscan.io/profiles/BCagckXeMChUKrHEd6fKFA1uiWDtcmCXMsqaheLiUPJd.png,BCagck,125,143,"($10,819.8)",+60.72 Sol,,https://x.com/vibed333
1,Heyitsyolo,Av3xWHJ5EsoLZag6pr7LKbrGgLRTaykXomDD5kBhL9YQ,https://cdn.kolscan.io/profiles/Av3xWHJ5EsoLZag6pr7LKbrGgLRTaykXomDD5kBhL9YQ.png,Av3xWH,57,36,"($10,489.1)",+58.86 Sol,,https://x.com/Heyitsyolotv
1,Smokez,5t9xBNuDdGTGpjaPTx6hKd7sdRJbvtKS8Mhq6qVbo8Qz,https://cdn.kolscan.io/profiles/5t9xBNuDdGTGpjaPTx6hKd7sdRJbvtKS8Mhq6qVbo8Qz.png,5t9xBN,18,9,"($9,224.4)",+51.77 Sol,,https://x.com/SmokezXBT
1,S,ApRnQN2HkbCn7W2WWiT2FEKvuKJp9LugRyAE1a9Hdz1,https://cdn.kolscan.io/profiles/ApRnQN2HkbCn7W2WWiT2FEKvuKJp9LugRyAE1a9Hdz1.png,ApRnQN,11,24,"($9,219.9)",+51.74 Sol,,https://x.com/runitbackghost
1,Beaver,GM7Hrz2bDq33ezMtL6KGidSWZXMWgZ6qBuugkb5H8NvN,https://cdn.kolscan.io/profiles/GM7Hrz2bDq33ezMtL6KGidSWZXMWgZ6qBuugkb5H8NvN.png,GM7Hrz,2,0,"($5,613.8)",+31.50 Sol,,https://x.com/beaverd
1,LJC,6HJetMbdHBuk3mLUainxAPpBpWzDgYbHGTS2TqDAUSX2,https://cdn.kolscan.io/profiles/6HJetMbdHBuk3mLUainxAPpBpWzDgYbHGTS2TqDAUSX2.png,6HJetM,10,17,"($3,814.5)",+21.41 Sol,https://t.me/LJCcabals,https://x.com/OnlyLJC
1,Mr. Frog,4DdrfiDHpmx55i4SPssxVzS9ZaKLb8qr45NKY9Er9nNh,https://cdn.kolscan.io/profiles/4DdrfiDHpmx55i4SPssxVzS9ZaKLb8qr45NKY9Er9nNh.png,4Ddrfi,16,5,"($3,561.4)",+19.99 Sol,,https://x.com/TheMisterFrog
1,Groovy,34ZEH778zL8ctkLwxxERLX5ZnUu6MuFyX9CWrs8kucMw,https://cdn.kolscan.io/profiles/34ZEH778zL8ctkLwxxERLX5ZnUu6MuFyX9CWrs8kucMw.png,34ZEH7,27,19,"($3,561.0)",+19.98 Sol,,https://x.com/0xGroovy
1,Classic,DsqRyTUh1R37asYcVf1KdX4CNnz5DKEFmnXvgT4NfTPE,https://cdn.kolscan.io/profiles/DsqRyTUh1R37asYcVf1KdX4CNnz5DKEFmnXvgT4NfTPE.png,DsqRyT,22,18,"($3,493.3)",+19.60 Sol,https://t.me/mrclassiccalls,https://x.com/simplyclassic69
1,ozark,DZAa55HwXgv5hStwaTEJGXZz1DhHejvpb7Yr762urXam,https://cdn.kolscan.io/profiles/DZAa55HwXgv5hStwaTEJGXZz1DhHejvpb7Yr762urXam.png,DZAa55,18,22,"($3,322.0)",+18.64 Sol,,https://x.com/ohzarke
1,Letterbomb,BtMBMPkoNbnLF9Xn552guQq528KKXcsNBNNBre3oaQtr,https://cdn.kolscan.io/profiles/BtMBMPkoNbnLF9Xn552guQq528KKXcsNBNNBre3oaQtr.png,BtMBMP,87,76,"($2,700.3)",+15.15 Sol,,https://x.com/ihateoop
1,Al4n,2YJbcB9G8wePrpVBcT31o8JEed6L3abgyCjt5qkJMymV,https://cdn.kolscan.io/profiles/2YJbcB9G8wePrpVBcT31o8JEed6L3abgyCjt5qkJMymV.png,2YJbcB,58,59,"($2,642.0)",+14.83 Sol,,https://x.com/Al4neu
1,Bastille,3kebnKw7cPdSkLRfiMEALyZJGZ4wdiSRvmoN4rD1yPzV,https://cdn.kolscan.io/profiles/3kebnKw7cPdSkLRfiMEALyZJGZ4wdiSRvmoN4rD1yPzV.png,3kebnK,5,1,"($2,589.0)",+14.53 Sol,,https://x.com/BastilleBtc
1,el charto,CCUcjek5p6DLoH2YNtjizxYhAnStXAQAGVxhp1cYJF7w,https://cdn.kolscan.io/profiles/CCUcjek5p6DLoH2YNtjizxYhAnStXAQAGVxhp1cYJF7w.png,CCUcje,24,11,"($2,357.5)",+13.23 Sol,https://t.me/ChartoCartel,https://x.com/elchartox
1,Sully,Ebk5ATdfrCuKi27dHZaw5YYsfREEzvvU8xeBhMxQoex6,https://cdn.kolscan.io/profiles/Ebk5ATdfrCuKi27dHZaw5YYsfREEzvvU8xeBhMxQoex6.png,Ebk5AT,4,3,"($2,169.0)",+12.17 Sol,https://t.me/kitchenofsully,https://x.com/sullyfromDeets
1,Henn100x,FRbUNvGxYNC1eFngpn7AD3f14aKKTJVC6zSMtvj2dyCS,https://cdn.kolscan.io/profiles/FRbUNvGxYNC1eFngpn7AD3f14aKKTJVC6zSMtvj2dyCS.png,FRbUNv,35,56,"($1,889.3)",+10.60 Sol,,https://x.com/henn100x
1,Daumen,8MaVa9kdt3NW4Q5HyNAm1X5LbR8PQRVDc1W8NMVK88D5,https://cdn.kolscan.io/profiles/8MaVa9kdt3NW4Q5HyNAm1X5LbR8PQRVDc1W8NMVK88D5.png,8MaVa9,3,1,"($1,473.7)",+8.27 Sol,,https://x.com/daumeneth
1,Hail,HA1L7GhQfypSRdfBi3tCkkCVEdEcBVYqBSQCENCrwPuB,https://cdn.kolscan.io/profiles/HA1L7GhQfypSRdfBi3tCkkCVEdEcBVYqBSQCENCrwPuB.png,HA1L7G,9,9,"($1,354.4)",+7.60 Sol,,https://x.com/ignHail
1,Cooker,8deJ9xeUvXSJwicYptA9mHsU2rN2pDx37KWzkDkEXhU6,https://cdn.kolscan.io/profiles/8deJ9xeUvXSJwicYptA9mHsU2rN2pDx37KWzkDkEXhU6.png,8deJ9x,2,0,"($1,264.8)",+7.10 Sol,https://t.me/CookersCooks,https://x.com/CookerFlips
1,Jazz,Ds8mcuP5r2phg596mLui3ti3PJtVvFRw19Eo9UFdJ5Bc,https://cdn.kolscan.io/profiles/Ds8mcuP5r2phg596mLui3ti3PJtVvFRw19Eo9UFdJ5Bc.png,Ds8mcu,2,8,"($1,187.1)",+6.66 Sol,,https://x.com/youngjazzeth
1,Orange,96sErVjEN7LNJ6Uvj63bdRWZxNuBngj56fnT9biHLKBf,https://cdn.kolscan.io/profiles/96sErVjEN7LNJ6Uvj63bdRWZxNuBngj56fnT9biHLKBf.png,96sErV,2,8,"($1,183.1)",+6.64 Sol,,https://x.com/OrangeSBS
1,Earl,F2SuErm4MviWJ2HzKXk2nuzBC6xe883CFWUDCPz6cyWm,https://cdn.kolscan.io/profiles/F2SuErm4MviWJ2HzKXk2nuzBC6xe883CFWUDCPz6cyWm.png,F2SuEr,21,40,($994.9),+5.58 Sol,,https://x.com/earlTrades
1,Carti The Menace,3mPypxb7ViYEdLv4siFmESvY5w5ZKknwgmB4TPcZ77qe,https://cdn.kolscan.io/profiles/3mPypxb7ViYEdLv4siFmESvY5w5ZKknwgmB4TPcZ77qe.png,3mPypx,6,2,($879.3),+4.93 Sol,,https://x.com/CartiTheMenace
1,Dan176,J2B5fnm2DAAUAGa4EaegwQFoYaN6B5FerGA5sjtQoaGM,https://cdn.kolscan.io/profiles/J2B5fnm2DAAUAGa4EaegwQFoYaN6B5FerGA5sjtQoaGM.png,J2B5fn,6,6,($869.9),+4.88 Sol,https://t.me/DansCall,https://x.com/176Dan
1,theo,Bi4rd5FH5bYEN8scZ7wevxNZyNmKHdaBcvewdPFxYdLt,https://cdn.kolscan.io/profiles/Bi4rd5FH5bYEN8scZ7wevxNZyNmKHdaBcvewdPFxYdLt.png,Bi4rd5,27,45,($712.4),+4.00 Sol,,https://x.com/theonomix
1,Otta,As7HjL7dzzvbRbaD3WCun47robib2kmAKRXMvjHkSMB5,https://cdn.kolscan.io/profiles/As7HjL7dzzvbRbaD3WCun47robib2kmAKRXMvjHkSMB5.png,As7HjL,9,21,($570.9),+3.20 Sol,https://t.me/ottabag,https://x.com/ottabag
1,Dali,CvNiezB8hofusHCKqu8irJ6t2FKY7VjzpSckofMzk5mB,https://cdn.kolscan.io/profiles/CvNiezB8hofusHCKqu8irJ6t2FKY7VjzpSckofMzk5mB.png,CvNiez,1,3,($558.5),+3.13 Sol,,https://x.com/SolanaDali
1,Value & Time,3nvC8cSrEBqFEXZjUpKfwZMPk7xYdqcnoxmFBjXiizVX,https://cdn.kolscan.io/profiles/3nvC8cSrEBqFEXZjUpKfwZMPk7xYdqcnoxmFBjXiizVX.png,3nvC8c,4,6,($376.8),+2.11 Sol,,https://x.com/valueandtime
1,Insentos,7SDs3PjT2mswKQ7Zo4FTucn9gJdtuW4jaacPA65BseHS,https://cdn.kolscan.io/profiles/7SDs3PjT2mswKQ7Zo4FTucn9gJdtuW4jaacPA65BseHS.png,7SDs3P,8,7,($341.4),+1.92 Sol,https://t.me/insentos,https://x.com/insentos
1,Rev,EgzjRCbcdRiPc1bW52tcvGDnKDbQWCzQbUhDBszD2BZm,https://cdn.kolscan.io/profiles/EgzjRCbcdRiPc1bW52tcvGDnKDbQWCzQbUhDBszD2BZm.png,EgzjRC,2,2,($309.3),+1.74 Sol,,https://x.com/solrevv
1,Dutch,9vWutdTBs66hWkeCmxaLFpkKy4q5RSe8DsFjfdxj5yFA,https://cdn.kolscan.io/profiles/9vWutdTBs66hWkeCmxaLFpkKy4q5RSe8DsFjfdxj5yFA.png,9vWutd,5,5,($256.0),+1.44 Sol,,https://x.com/0xDutch_
1,Red,7ABz8qEFZTHPkovMDsmQkm64DZWN5wRtU7LEtD2ShkQ6,https://cdn.kolscan.io/profiles/7ABz8qEFZTHPkovMDsmQkm64DZWN5wRtU7LEtD2ShkQ6.png,7ABz8q,22,37,($126.4),+0.71 Sol,https://t.me/yvlred,https://x.com/redwithbag
1,Jay,HwRnKq7RPtKHvX9wyHsc1zvfHtGjPQa5tyZtGtbvfXE,https://cdn.kolscan.io/profiles/HwRnKq7RPtKHvX9wyHsc1zvfHtGjPQa5tyZtGtbvfXE.png,HwRnKq,2,0,($97.2),+0.55 Sol,,https://x.com/BitBoyJay
1,Xelf,9Vk7pkBZ9KFJmzaPzNYjGedyz8qoKMQtnYyYi2AehNMT,https://cdn.kolscan.io/profiles/9Vk7pkBZ9KFJmzaPzNYjGedyz8qoKMQtnYyYi2AehNMT.png,9Vk7pk,1,0,($95.8),+0.54 Sol,https://t.me/xelfalpha,https://x.com/xelf_sol
1,big bags bobby,8oQoMhfBQnRspn7QtNAq2aPThRE4q94kLSTwaaFQvRgs,https://cdn.kolscan.io/profiles/8oQoMhfBQnRspn7QtNAq2aPThRE4q94kLSTwaaFQvRgs.png,8oQoMh,1,1,($50.4),+0.28 Sol,,https://x.com/bigbagsbobby
1,decu,4vw54BmAogeRV3vPKWyFet5yf8DTLcREzdSzx4rw9Ud9,https://cdn.kolscan.io/profiles/4vw54BmAogeRV3vPKWyFet5yf8DTLcREzdSzx4rw9Ud9.png,4vw54B,2,2,($49.8),+0.28 Sol,https://t.me/DecusCalls,https://x.com/notdecu
1,sp,722tXm5uB5uuG2tC43uKHXQ7Pbyz75pTokEAJv9x5VTx,https://cdn.kolscan.io/profiles/722tXm5uB5uuG2tC43uKHXQ7Pbyz75pTokEAJv9x5VTx.png,722tXm,2,8,($9.8),+0.06 Sol,,https://x.com/SolanaPlays
1,shaka,4S8YBCt6hhi7Nr1NnKF6jF856LLN8JJFzD1a8nF5UuHA,https://cdn.kolscan.io/profiles/4S8YBCt6hhi7Nr1NnKF6jF856LLN8JJFzD1a8nF5UuHA.png,4S8YBC,1,1,($1.0),+0.01 Sol,https://t.me/shakasisland,https://x.com/solanashaka
1,LilMoonLambo,7XwZnjto6bV1W8apxiETm9F6CHMDRRPLkG19ejy7t8dZ,https://cdn.kolscan.io/profiles/7XwZnjto6bV1W8apxiETm9F6CHMDRRPLkG19ejy7t8dZ.png,7XwZnj,0,0,($0.0),+0.00 Sol,,https://x.com/LilMoonLambo
1,dean bulla,J6p2MS1gjygk9Hod8vKUEfcuWqMwfAwqFJyJX7UC8p6b,https://cdn.kolscan.io/profiles/J6p2MS1gjygk9Hod8vKUEfcuWqMwfAwqFJyJX7UC8p6b.png,J6p2MS,0,0,($0.0),+0.00 Sol,,https://x.com/deanbulla
1,Eric Cryptoman,EgnY4zmqXuaqodCLW366jjd2ecki6pvmMF74MkSxMFQW,https://cdn.kolscan.io/profiles/EgnY4zmqXuaqodCLW366jjd2ecki6pvmMF74MkSxMFQW.png,EgnY4z,0,0,($0.0),+0.00 Sol,https://t.me/Erics_Calls,https://x.com/EricCryptoman
1,Dolo,5wcc13mXoyqe6qh2iHH5GFknojoJ7y13ZPx9K4NXTuo3,https://cdn.kolscan.io/profiles/5wcc13mXoyqe6qh2iHH5GFknojoJ7y13ZPx9K4NXTuo3.png,5wcc13,0,0,($0.0),+0.00 Sol,https://t.me/DolosTradingDojo,https://x.com/doloxbt
1,Profitier,Ci8HDz2LgqVeWiEasyb12EkUUcXum3CQbPLwExDBJiLu,https://cdn.kolscan.io/profiles/Ci8HDz2LgqVeWiEasyb12EkUUcXum3CQbPLwExDBJiLu.png,Ci8HDz,0,0,($0.0),+0.00 Sol,,https://x.com/profitierr
1,Yenni,5B52w1ZW9tuwUduueP5J7HXz5AcGfruGoX6YoAudvyxG,https://cdn.kolscan.io/profiles/5B52w1ZW9tuwUduueP5J7HXz5AcGfruGoX6YoAudvyxG.png,5B52w1,0,0,($0.0),+0.00 Sol,,https://x.com/Yennii56
1,evening,E7gozEiAPNhpJsdS52amhhN2XCAqLZa7WPrhyR6C8o4S,https://cdn.kolscan.io/profiles/E7gozEiAPNhpJsdS52amhhN2XCAqLZa7WPrhyR6C8o4S.png,E7gozE,0,0,($0.0),+0.00 Sol,,https://x.com/eveningbtc
1,Lyxe,HLv6yCEpgjQV9PcKsvJpem8ESyULTyh9HjHn9CtqSek1,https://cdn.kolscan.io/profiles/HLv6yCEpgjQV9PcKsvJpem8ESyULTyh9HjHn9CtqSek1.png,HLv6yC,0,0,($0.0),+0.00 Sol,https://t.me/+yFy-8j3uwBBjMzhl,https://x.com/cryptolyxe
1,Phineas.SOL,7KqmgKkDrAfZhLG7w57gYdkYhyLYE7mVck5MjkYRHaSG,https://cdn.kolscan.io/profiles/7KqmgKkDrAfZhLG7w57gYdkYhyLYE7mVck5MjkYRHaSG.png,7KqmgK,0,0,($0.0),+0.00 Sol,https://t.me/PhineasCabal,https://x.com/Phineas_Sol
1,s0ber,Hq5TTULwwmDjGvzQukgujHQogZ5uFSCyYHpP756Uvyae,https://cdn.kolscan.io/profiles/Hq5TTULwwmDjGvzQukgujHQogZ5uFSCyYHpP756Uvyae.png,Hq5TTU,0,0,($0.0),+0.00 Sol,,https://x.com/whaIecrypto
1,Rektober,HCQb4Qrtk4qCfChDH8XvM5onymmCSmRj9bddV6QCPdRe,https://cdn.kolscan.io/profiles/HCQb4Qrtk4qCfChDH8XvM5onymmCSmRj9bddV6QCPdRe.png,HCQb4Q,0,0,($0.0),+0.00 Sol,https://t.me/RektNFA,https://x.com/rektober
1,dingaling,9X5n5i1mugTjgGPhqf1KJDt8r4kD8TF3s62ttbxKzFHa,https://cdn.kolscan.io/profiles/9X5n5i1mugTjgGPhqf1KJDt8r4kD8TF3s62ttbxKzFHa.png,9X5n5i,0,0,($0.0),+0.00 Sol,,https://x.com/dingalingts
1,Sweep,GP9PyTwGybX3q3tC5dMRKeuq8Dr15uPVvn3Z9fKbempH,https://cdn.kolscan.io/profiles/GP9PyTwGybX3q3tC5dMRKeuq8Dr15uPVvn3Z9fKbempH.png,GP9PyT,0,0,($0.0),+0.00 Sol,https://t.me/jsdao,https://x.com/0xSweep
1,Mitch,4Be9CvxqHW6BYiRAxW9Q3xu1ycTMWaL5z8NX4HR3ha7t,https://cdn.kolscan.io/profiles/4Be9CvxqHW6BYiRAxW9Q3xu1ycTMWaL5z8NX4HR3ha7t.png,4Be9Cv,0,0,($0.0),+0.00 Sol,https://t.me/whimsicalclown,https://x.com/idrawline
1,ïṿ,4dfJdwntJqhArbBPudMMSzgt1MbKY7aNKsnF5KCkWaCo,https://cdn.kolscan.io/profiles/4dfJdwntJqhArbBPudMMSzgt1MbKY7aNKsnF5KCkWaCo.png,4dfJdw,0,0,($0.0),+0.00 Sol,,https://x.com/ivolxbt
1,Aroa,Aen6LKc7sGVPTyjMd5cu9B9XVjL7m9pnvAiP2ZNJC4GZ,https://cdn.kolscan.io/profiles/Aen6LKc7sGVPTyjMd5cu9B9XVjL7m9pnvAiP2ZNJC4GZ.png,Aen6LK,0,0,($0.0),+0.00 Sol,https://t.me/AroasJournal,https://x.com/AroaOnSol
1,Gh0stee,2kv8X2a9bxnBM8NKLc6BBTX2z13GFNRL4oRotMUJRva9,https://cdn.kolscan.io/profiles/2kv8X2a9bxnBM8NKLc6BBTX2z13GFNRL4oRotMUJRva9.png,2kv8X2,0,0,($0.0),+0.00 Sol,,https://x.com/4GH0STEE
1,Collectible,Ehqd8q5rAN8V7Y7EGxYm3Tp4KPQMTVWQtzjSSPP3Upg3,https://cdn.kolscan.io/profiles/Ehqd8q5rAN8V7Y7EGxYm3Tp4KPQMTVWQtzjSSPP3Upg3.png,Ehqd8q,0,0,($0.0),+0.00 Sol,,https://x.com/collectible
1,Jalen,F72vY99ihQsYwqEDCfz7igKXA5me6vN2zqVsVUTpw6qL,https://cdn.kolscan.io/profiles/F72vY99ihQsYwqEDCfz7igKXA5me6vN2zqVsVUTpw6qL.png,F72vY9,0,0,($0.0),+0.00 Sol,,https://x.com/RipJalens
1,Jordan,EAnB5151L8ejp3SM6haLgyv3snk6oqc8acKgWEg9T5J,https://cdn.kolscan.io/profiles/EAnB5151L8ejp3SM6haLgyv3snk6oqc8acKgWEg9T5J.png,EAnB51,0,0,($0.0),+0.00 Sol,,https://x.com/ohFrostyyy
1,Midjet,8FaNi7XawZVC17sci13dHi2NeyNTQgjZyrBxwgyMEfj1,https://cdn.kolscan.io/profiles/8FaNi7XawZVC17sci13dHi2NeyNTQgjZyrBxwgyMEfj1.png,8FaNi7,0,0,($0.0),+0.00 Sol,,https://x.com/MidjetV2
1,Pow,8zFZHuSRuDpuAR7J6FzwyF3vKNx4CVW3DFHJerQhc7Zd,https://cdn.kolscan.io/profiles/8zFZHuSRuDpuAR7J6FzwyF3vKNx4CVW3DFHJerQhc7Zd.png,8zFZHu,0,0,($0.0),+0.00 Sol,https://t.me/PowsGemCalls,https://x.com/traderpow
1,Robo,Gv7CnRo2L2SJ583XEfoKHKbmWK3wNoBDxVoJqMKJR4Nu,https://cdn.kolscan.io/profiles/Gv7CnRo2L2SJ583XEfoKHKbmWK3wNoBDxVoJqMKJR4Nu.png,Gv7CnR,0,0,($0.0),+0.00 Sol,https://t.me/robogems,https://x.com/roboPBOC
1,Oura,4WPTQA7BB4iRdrPhgNpJihGcxKh8T43gLjMn5PbEVfQw,https://cdn.kolscan.io/profiles/4WPTQA7BB4iRdrPhgNpJihGcxKh8T43gLjMn5PbEVfQw.png,4WPTQA,0,0,($0.0),+0.00 Sol,https://t.me/OuraEmergencyCalls,https://x.com/Oura456
1,404Flipped,AbcX4XBm7DJ3i9p29i6sU8WLmiW4FWY5tiwB9D6UBbcE,https://cdn.kolscan.io/profiles/AbcX4XBm7DJ3i9p29i6sU8WLmiW4FWY5tiwB9D6UBbcE.png,AbcX4X,0,0,($0.0),+0.00 Sol,,https://x.com/404flipped
1,Sabby,9K18MstUaXmSFSBoa9qDTqWTnYhTZqdgEhuKRTVRgh6g,https://cdn.kolscan.io/profiles/9K18MstUaXmSFSBoa9qDTqWTnYhTZqdgEhuKRTVRgh6g.png,9K18Ms,0,0,($0.0),+0.00 Sol,,https://x.com/sabby_eth
1,Izzy,42nsEk51owYM3uciuRvFerqK77yhXZyjBLRgkDzJPV2g,https://cdn.kolscan.io/profiles/42nsEk51owYM3uciuRvFerqK77yhXZyjBLRgkDzJPV2g.png,42nsEk,0,0,($0.0),+0.00 Sol,https://t.me/izzyDegens,https://x.com/degenIzzy
1,MoneyMaykah,3i8akM4xfSX9WKFB5bQ61fmiYkeKQEFqvdMEyu6pSEk9,https://cdn.kolscan.io/profiles/3i8akM4xfSX9WKFB5bQ61fmiYkeKQEFqvdMEyu6pSEk9.png,3i8akM,0,0,($0.0),+0.00 Sol,,https://x.com/moneymaykah_
1,Meechie,831qmkeGhfL8YpcXuhrug6nHj1YdK3aXMDQUCo85Auh1,https://cdn.kolscan.io/profiles/831qmkeGhfL8YpcXuhrug6nHj1YdK3aXMDQUCo85Auh1.png,831qmk,0,0,($0.0),+0.00 Sol,https://t.co/zb0ZJIEhEm,https://x.com/973Meech
1,dust,FzVQSzj8JJr6WMGqbUHzx2XH1KkrfxRrRPv6WcbbZmND,https://cdn.kolscan.io/profiles/FzVQSzj8JJr6WMGqbUHzx2XH1KkrfxRrRPv6WcbbZmND.png,FzVQSz,0,0,($0.0),+0.00 Sol,https://t.me/dustsdungeon,https://x.com/dustxbt
1,Mezoteric,EdDCRfDDeiiDXdntrP59abH4DXHFNU48zpMPYisDMjA7,https://cdn.kolscan.io/profiles/EdDCRfDDeiiDXdntrP59abH4DXHFNU48zpMPYisDMjA7.png,EdDCRf,0,0,($0.0),+0.00 Sol,,https://x.com/mezoteric
1,GVQ,2iJNcbQ7hjwLzcRqoo37xYaTPCRMHzfcdeUmNZHbFs55,https://cdn.kolscan.io/profiles/2iJNcbQ7hjwLzcRqoo37xYaTPCRMHzfcdeUmNZHbFs55.png,2iJNcb,0,0,($0.0),+0.00 Sol,,https://x.com/GVQ_xx
1,ChartFu,7i7vHEv87bs135DuoJVKe9c7abentawA5ydfWcWc8iY2,https://cdn.kolscan.io/profiles/7i7vHEv87bs135DuoJVKe9c7abentawA5ydfWcWc8iY2.png,7i7vHE,0,0,($0.0),+0.00 Sol,,https://x.com/ChartFuMonkey
1,mog,EzLywbxhxsAiNc7C9EY8fa9qZNUrMkayozWfHu7hbPJD,https://cdn.kolscan.io/profiles/EzLywbxhxsAiNc7C9EY8fa9qZNUrMkayozWfHu7hbPJD.png,EzLywb,0,0,($0.0),+0.00 Sol,,https://x.com/10piecedawg
1,Roxo,AE3tJDEyUdwBM8ZoUb3iCo563gMbq26JtckfvjcVZbSa,https://cdn.kolscan.io/profiles/AE3tJDEyUdwBM8ZoUb3iCo563gMbq26JtckfvjcVZbSa.png,AE3tJD,0,0,($0.0),+0.00 Sol,,https://x.com/ignRoxo
1,Hustler,HUS9ErdrDqpqQePbmfgJUTnDTE6eZ8ES62a25RihSK9U,https://cdn.kolscan.io/profiles/HUS9ErdrDqpqQePbmfgJUTnDTE6eZ8ES62a25RihSK9U.png,HUS9Er,0,0,($0.0),+0.00 Sol,https://t.me/hustlersalpha,https://x.com/JoeVargas
1,Jeets,D1H83ueSw5Nxy5okxH7VBfV4jRnqAK5Mm1tm3JAj3m5t,https://cdn.kolscan.io/profiles/D1H83ueSw5Nxy5okxH7VBfV4jRnqAK5Mm1tm3JAj3m5t.png,D1H83u,0,0,($0.0),+0.00 Sol,,https://x.com/ieatjeets
1,CC2,B3beyovNKBo4wF1uFrfGfpVeyEHjFyJPmEBciz7kpnoS,https://cdn.kolscan.io/profiles/B3beyovNKBo4wF1uFrfGfpVeyEHjFyJPmEBciz7kpnoS.png,B3beyo,0,0,($0.0),+0.00 Sol,,https://x.com/CC2Ventures
1,Scooter,9NL6thsiaoyDnm7XF8hEbMoqeG172WmG7iKYpygvjfgo,https://cdn.kolscan.io/profiles/9NL6thsiaoyDnm7XF8hEbMoqeG172WmG7iKYpygvjfgo.png,9NL6th,0,0,($0.0),+0.00 Sol,,https://x.com/imperooterxbt
1,Angi,AGnd5WTHMUbyK3kjjQPdQFM3TbWcuPTtkwBFWVUwiCLu,https://cdn.kolscan.io/profiles/AGnd5WTHMUbyK3kjjQPdQFM3TbWcuPTtkwBFWVUwiCLu.png,AGnd5W,0,0,($0.0),+0.00 Sol,https://t.me/angiscalls,https://x.com/angitradez
1,Solstice,GrD2umbfEBjQKFPDQvmmYNQ5eyRL9SAdWJj9FFMyeaDN,https://cdn.kolscan.io/profiles/GrD2umbfEBjQKFPDQvmmYNQ5eyRL9SAdWJj9FFMyeaDN.png,GrD2um,0,0,($0.0),+0.00 Sol,https://t.me/solsticesmoonshots,https://x.com/The__Solstice
1,Brox,7VBTpiiEjkwRbRGHJFUz6o5fWuhPFtAmy8JGhNqwHNnn,https://cdn.kolscan.io/profiles/7VBTpiiEjkwRbRGHJFUz6o5fWuhPFtAmy8JGhNqwHNnn.png,7VBTpi,0,0,($0.0),+0.00 Sol,https://t.me/broxcalls,https://x.com/ohbrox
1,Unipcs (aka 'Bonk Guy'),5M8ACGKEXG1ojKDTMH3sMqhTihTgHYMSsZc6W8i7QW3Y,https://cdn.kolscan.io/profiles/5M8ACGKEXG1ojKDTMH3sMqhTihTgHYMSsZc6W8i7QW3Y.png,5M8ACG,0,0,($0.0),+0.00 Sol,,https://x.com/theunipcs
1,ShockedJS,6m5sW6EAPAHncxnzapi1ZVJNRb9RZHQ3Bj7FD84X9rAF,https://cdn.kolscan.io/profiles/6m5sW6EAPAHncxnzapi1ZVJNRb9RZHQ3Bj7FD84X9rAF.png,6m5sW6,0,0,($0.0),+0.00 Sol,https://t.me/shockedjstrading,https://x.com/ShockedJS
1,Jerry,HKjuMsz7JMuiQhkZsAwqogPf1KwhwACZGMcTmmtesoWv,https://cdn.kolscan.io/profiles/HKjuMsz7JMuiQhkZsAwqogPf1KwhwACZGMcTmmtesoWv.png,HKjuMs,0,0,($0.0),+0.00 Sol,https://t.me/jerrycabal,https://x.com/chefjerrry
1,Obijai,C4BWYccLsbeHgZzVupFZJGvJK2nQpn8em9WtzURH4gZW,https://cdn.kolscan.io/profiles/C4BWYccLsbeHgZzVupFZJGvJK2nQpn8em9WtzURH4gZW.png,C4BWYc,0,0,($0.0),+0.00 Sol,,https://x.com/Obijai
1,Bolivian,5AyJw1VNDgTho2chipbVmuGqTuX1fCvVkLneChQkQrw8,https://cdn.kolscan.io/profiles/5AyJw1VNDgTho2chipbVmuGqTuX1fCvVkLneChQkQrw8.png,5AyJw1,0,0,($0.0),+0.00 Sol,http://t.me/boliviantrades,https://x.com/_bolivian
1,Issa,2BU3NAzgRA2gg2MpzwwXpA8X4CCRaLgrf6TY1FKfJPX2,https://cdn.kolscan.io/profiles/2BU3NAzgRA2gg2MpzwwXpA8X4CCRaLgrf6TY1FKfJPX2.png,2BU3NA,0,0,($0.0),+0.00 Sol,https://t.me/issasthoughts,https://x.com/issathecooker
1,Rizz,BPWsae36tY6oFz7f5MjsfTGqzi3ttM1AsAtjMvUb91tT,https://cdn.kolscan.io/profiles/BPWsae36tY6oFz7f5MjsfTGqzi3ttM1AsAtjMvUb91tT.png,BPWsae,0,0,($0.0),+0.00 Sol,,https://x.com/sollrizz
1,Bobby,DBmRHNbSsVX8F6NyVaaaiuGdwo1aYGawiy3jfNcvXYSC,https://cdn.kolscan.io/profiles/DBmRHNbSsVX8F6NyVaaaiuGdwo1aYGawiy3jfNcvXYSC.png,DBmRHN,0,0,($0.0),+0.00 Sol,,https://x.com/retardmode
1,Lucas,B7FDzJnb7DLYH1A37tKEFss1RRSz5C7MYgTRRMaWzBqa,https://cdn.kolscan.io/profiles/B7FDzJnb7DLYH1A37tKEFss1RRSz5C7MYgTRRMaWzBqa.png,B7FDzJ,0,0,($0.0),+0.00 Sol,https://t.me/frontruncalls,https://x.com/LockedInLucas
1,Ansem,AVAZvHLR2PcWpDf8BXY4rVxNHYRBytycHkcB5z5QNXYm,https://cdn.kolscan.io/profiles/AVAZvHLR2PcWpDf8BXY4rVxNHYRBytycHkcB5z5QNXYm.png,AVAZvH,0,0,($0.0),+0.00 Sol,,https://x.com/blknoiz06
1,Gake,DNfuF1L62WWyW3pNakVkyGGFzVVhj4Yr52jSmdTyeBHm,https://cdn.kolscan.io/profiles/DNfuF1L62WWyW3pNakVkyGGFzVVhj4Yr52jSmdTyeBHm.png,DNfuF1,0,0,($0.0),+0.00 Sol,https://t.me/GakesBakes,https://x.com/Ga__ke
1,Exy,8hKZKqCgZWxnvRz1XAvmbuzCAfqo5xFjH17vM2J2HTe1,https://cdn.kolscan.io/profiles/8hKZKqCgZWxnvRz1XAvmbuzCAfqo5xFjH17vM2J2HTe1.png,8hKZKq,0,0,($0.0),+0.00 Sol,,https://x.com/eth_exy
1,Dave Portnoy,5rkPDK4JnVAumgzeV2Zu8vjggMTtHdDtrsd5o9dhGZHD,https://cdn.kolscan.io/profiles/5rkPDK4JnVAumgzeV2Zu8vjggMTtHdDtrsd5o9dhGZHD.png,5rkPDK,0,0,($0.0),+0.00 Sol,,https://x.com/stoolpresidente
1,Insyder,G3g1CKqKWSVEVURZDNMazDBv7YAhMNTjhJBVRTiKZygk,https://cdn.kolscan.io/profiles/G3g1CKqKWSVEVURZDNMazDBv7YAhMNTjhJBVRTiKZygk.png,G3g1CK,0,0,($0.0),+0.00 Sol,,https://x.com/insydercrypto
1,Levis,GwoFJFjUTUSWq2EwTz4P2Sznoq9XYLrf8t4q5kbTgZ1R,https://cdn.kolscan.io/profiles/GwoFJFjUTUSWq2EwTz4P2Sznoq9XYLrf8t4q5kbTgZ1R.png,GwoFJF,0,0,($0.0),+0.00 Sol,https://t.me/LevisAlpha,https://x.com/LevisNFT
1,Monarch,H9h6UV9cwWWogcTZ5gbzQ6Z3dYDNaiJ3mUWw3aGnE3Mc,https://cdn.kolscan.io/profiles/H9h6UV9cwWWogcTZ5gbzQ6Z3dYDNaiJ3mUWw3aGnE3Mc.png,H9h6UV,0,0,($0.0),+0.00 Sol,https://t.me/MonarchJournal,https://x.com/MonarchBTC
1,TheDefiApe,ExKCuoAzJCgCVjU3CvNoL8vVrdESTWkx3ubj6rQXwQM4,https://cdn.kolscan.io/profiles/ExKCuoAzJCgCVjU3CvNoL8vVrdESTWkx3ubj6rQXwQM4.png,ExKCuo,0,0,($0.0),+0.00 Sol,https://t.me/DEFIAPEALERTS,https://x.com/TheDefiApe
1,Chefin,6Qs6joB349h7zu1z9xRgPgMSmpBYLDQb2wtAecY4LysH,https://cdn.kolscan.io/profiles/6Qs6joB349h7zu1z9xRgPgMSmpBYLDQb2wtAecY4LysH.png,6Qs6jo,0,0,($0.0),+0.00 Sol,https://t.me/ChefinAlpha,https://x.com/Chefin100x
1,JB,7dP8DmRka5rmQti4zEEDjdAyaQyvFsPkcXMjEKJucqCu,https://cdn.kolscan.io/profiles/7dP8DmRka5rmQti4zEEDjdAyaQyvFsPkcXMjEKJucqCu.png,7dP8Dm,0,0,($0.0),+0.00 Sol,,https://x.com/Jeetburner
1,Zinc,EBjXstFQBBnXVFEXouqGfUxQFmaEHu6KFbxrZQkGbjru,https://cdn.kolscan.io/profiles/EBjXstFQBBnXVFEXouqGfUxQFmaEHu6KFbxrZQkGbjru.png,EBjXst,0,0,($0.0),+0.00 Sol,https://t.me/zincalpha,https://x.com/zinceth
1,Betman,BoYHJoKntk3pjkaV8qFojEonSPWmWMfQocZTwDd1bcGG,https://cdn.kolscan.io/profiles/BoYHJoKntk3pjkaV8qFojEonSPWmWMfQocZTwDd1bcGG.png,BoYHJo,0,1,(-$9.8),-0.05 Sol,,https://x.com/ImTheBetman
1,Michi,8YYDiCbPd4nM8TxrQEVdPA4aG8jys8R7Z1kKsgPL4pwh,https://cdn.kolscan.io/profiles/8YYDiCbPd4nM8TxrQEVdPA4aG8jys8R7Z1kKsgPL4pwh.png,8YYDiC,0,1,(-$30.8),-0.17 Sol,,https://x.com/michibets
1,0xWinged,HrCPnDvDgbpbFxKxer6Pw3qEcfAQQNNjb6aJNFWgTEng,https://cdn.kolscan.io/profiles/HrCPnDvDgbpbFxKxer6Pw3qEcfAQQNNjb6aJNFWgTEng.png,HrCPnD,1,1,(-$33.1),-0.19 Sol,,https://x.com/0xExorcized
1,BagCalls,4AHgEkTsGqY77qtde4UJn9yZCrbGcM7UM3vjT3qM4G5H,https://cdn.kolscan.io/profiles/4AHgEkTsGqY77qtde4UJn9yZCrbGcM7UM3vjT3qM4G5H.png,4AHgEk,0,1,(-$37.4),-0.21 Sol,https://t.me/bagcalls,https://x.com/BagCalls
1,Idontpaytaxes,2T5NgDDidkvhJQg8AHDi74uCFwgp25pYFMRZXBaCUNBH,https://cdn.kolscan.io/profiles/2T5NgDDidkvhJQg8AHDi74uCFwgp25pYFMRZXBaCUNBH.png,2T5NgD,2,4,(-$95.9),-0.54 Sol,,https://x.com/untaxxable
1,Trey,831yhv67QpKqLBJjbmw2xoDUeeFHGUx8RnuRj9imeoEs,https://cdn.kolscan.io/profiles/831yhv67QpKqLBJjbmw2xoDUeeFHGUx8RnuRj9imeoEs.png,831yhv,9,21,(-$122.0),-0.68 Sol,https://t.me/treystele,https://x.com/treysocial
1,gr3g,J23qr98GjGJJqKq9CBEnyRhHbmkaVxtTJNNxKu597wsA,https://cdn.kolscan.io/profiles/J23qr98GjGJJqKq9CBEnyRhHbmkaVxtTJNNxKu597wsA.png,J23qr9,11,9,(-$149.5),-0.84 Sol,,https://x.com/gr3gor14n
1,goob,9BkauJdFYUyBkNBZwV4mNNyfeVKhHvjULb7cL4gFQaLt,https://cdn.kolscan.io/profiles/9BkauJdFYUyBkNBZwV4mNNyfeVKhHvjULb7cL4gFQaLt.png,9BkauJ,0,2,(-$171.3),-0.96 Sol,https://t.me/goobscall,https://x.com/ifullclipp
1,Sloppy,86AEJExyjeNNgcp7GrAvCXTDicf5aGWgoERbXFiG1EdD,https://cdn.kolscan.io/profiles/86AEJExyjeNNgcp7GrAvCXTDicf5aGWgoERbXFiG1EdD.png,86AEJE,19,42,(-$182.7),-1.03 Sol,,https://x.com/SloppyStreamz
1,Zyaf,F5TjPySiUJMdvqMZHnPP85Rc1vErDGV5FR5P2vdVm429,https://cdn.kolscan.io/profiles/F5TjPySiUJMdvqMZHnPP85Rc1vErDGV5FR5P2vdVm429.png,F5TjPy,1,2,(-$219.8),-1.23 Sol,https://t.me/zyafgambles,https://x.com/0xZyaf
1,The Doc,DYAn4XpAkN5mhiXkRB7dGq4Jadnx6XYgu8L5b3WGhbrt,https://cdn.kolscan.io/profiles/DYAn4XpAkN5mhiXkRB7dGq4Jadnx6XYgu8L5b3WGhbrt.png,DYAn4X,3,8,(-$403.7),-2.27 Sol,,https://x.com/KayTheDoc
1,Saif,BuhkHhM3j4viF71pMTd23ywxPhF35LUnc2QCLAvUxCdW,https://cdn.kolscan.io/profiles/BuhkHhM3j4viF71pMTd23ywxPhF35LUnc2QCLAvUxCdW.png,BuhkHh,2,5,(-$533.8),-3.00 Sol,,https://x.com/degensaif
1,Fashr,719sfKUjiMThumTt2u39VMGn612BZyCcwbM5Pe8SqFYz,https://cdn.kolscan.io/profiles/719sfKUjiMThumTt2u39VMGn612BZyCcwbM5Pe8SqFYz.png,719sfK,34,72,(-$695.4),-3.90 Sol,,https://x.com/FASHRCrypto
1,Ethan Prosper,sAdNbe1cKNMDqDsa4npB3TfL62T14uAo2MsUQfLvzLT,https://cdn.kolscan.io/profiles/sAdNbe1cKNMDqDsa4npB3TfL62T14uAo2MsUQfLvzLT.png,sAdNbe,5,9,(-$761.2),-4.27 Sol,,https://x.com/pr6spr
1,Sebastian,3BLjRcxWGtR7WRshJ3hL25U3RjWr5Ud98wMcczQqk4Ei,https://cdn.kolscan.io/profiles/3BLjRcxWGtR7WRshJ3hL25U3RjWr5Ud98wMcczQqk4Ei.png,3BLjRc,37,49,(-$989.4),-5.55 Sol,,https://x.com/Saint_pablo123
1,YOUNIZ,EKDDjxzJ39Bjkr47NiARGJDKFVxiiV9WNJ5XbtEhPEXP,https://cdn.kolscan.io/profiles/EKDDjxzJ39Bjkr47NiARGJDKFVxiiV9WNJ5XbtEhPEXP.png,EKDDjx,18,49,"(-$1,112.0)",-6.24 Sol,,https://x.com/YOUNIZ_XLZ
1,Absol,BXNiM7pqt9Ld3b2Hc8iT3mA5bSwoe9CRrtkSUs15SLWN,https://cdn.kolscan.io/profiles/BXNiM7pqt9Ld3b2Hc8iT3mA5bSwoe9CRrtkSUs15SLWN.png,BXNiM7,7,23,"(-$1,116.2)",-6.26 Sol,https://t.me/absolcalls,https://x.com/absolquant
1,Qtdegen,7tiRXPM4wwBMRMYzmywRAE6jveS3gDbNyxgRrEoU6RLA,https://cdn.kolscan.io/profiles/7tiRXPM4wwBMRMYzmywRAE6jveS3gDbNyxgRrEoU6RLA.png,7tiRXP,17,30,"(-$1,137.4)",-6.38 Sol,,https://x.com/qtdegen
1,unprofitable,DYmsQudNqJyyDvq86XmzAvrU9T7xwfQEwh6gPQw9TPNF,https://cdn.kolscan.io/profiles/DYmsQudNqJyyDvq86XmzAvrU9T7xwfQEwh6gPQw9TPNF.png,DYmsQu,3,4,"(-$1,185.3)",-6.65 Sol,,https://x.com/exitliquid1ty
1,cxltures,3ZtwP8peTwTfLUF1rgUQgUxwyeHCxfmoELXghQzKqnAJ,https://cdn.kolscan.io/profiles/3ZtwP8peTwTfLUF1rgUQgUxwyeHCxfmoELXghQzKqnAJ.png,3ZtwP8,4,6,"(-$1,288.8)",-7.23 Sol,,https://x.com/cxlturesvz
1,Nach,9jyqFiLnruggwNn4EQwBNFXwpbLM9hrA4hV59ytyAVVz,https://cdn.kolscan.io/profiles/9jyqFiLnruggwNn4EQwBNFXwpbLM9hrA4hV59ytyAVVz.png,9jyqFi,1,1,"(-$1,549.1)",-8.69 Sol,https://t.me/NarrativeNach,https://x.com/NachSOL
1,Lynk,DrHszsqMAMuBrgRJ3XG7ZutDfEETHFW6W7vxA1vSQ2Ub,https://cdn.kolscan.io/profiles/DrHszsqMAMuBrgRJ3XG7ZutDfEETHFW6W7vxA1vSQ2Ub.png,DrHszs,5,11,"(-$1,619.5)",-9.09 Sol,https://t.me/lynkscabal,https://x.com/lynk0x
1,Ferb,m7Kaas3Kd8FHLnCioSjCoSuVDReZ6FDNBVM6HTNYuF7,https://cdn.kolscan.io/profiles/m7Kaas3Kd8FHLnCioSjCoSuVDReZ6FDNBVM6HTNYuF7.png,m7Kaas,5,10,"(-$2,076.8)",-11.66 Sol,,https://x.com/ferbsol
1,TIL,EHg5YkU2SZBTvuT87rUsvxArGp3HLeye1fXaSDfuMyaf,https://cdn.kolscan.io/profiles/EHg5YkU2SZBTvuT87rUsvxArGp3HLeye1fXaSDfuMyaf.png,EHg5Yk,9,22,"(-$2,126.5)",-11.93 Sol,,https://x.com/tilcrypto
1,bandit,5B79fMkcFeRTiwm7ehsZsFiKsC7m7n1Bgv9yLxPp9q2X,https://cdn.kolscan.io/profiles/5B79fMkcFeRTiwm7ehsZsFiKsC7m7n1Bgv9yLxPp9q2X.png,5B79fM,32,58,"(-$2,205.4)",-12.38 Sol,,https://x.com/bandeeeez
1,Jidn,3h65MmPZksoKKyEpEjnWU2Yk2iYT5oZDNitGy5cTaxoE,https://cdn.kolscan.io/profiles/3h65MmPZksoKKyEpEjnWU2Yk2iYT5oZDNitGy5cTaxoE.png,3h65Mm,34,54,"(-$2,324.5)",-13.04 Sol,https://t.me/JidnLosesMoney,https://x.com/jidn_w
1,Gorilla Capital,DpNVrtA3ERfKzX4F8Pi2CVykdJJjoNxyY5QgoytAwD26,https://cdn.kolscan.io/profiles/DpNVrtA3ERfKzX4F8Pi2CVykdJJjoNxyY5QgoytAwD26.png,DpNVrt,7,23,"(-$2,435.4)",-13.67 Sol,https://t.me/gorillacapitalcooks,https://x.com/gorillacapsol
1,Danny,9FNz4MjPUmnJqTf6yEDbL1D4SsHVh7uA8zRHhR5K138r,https://cdn.kolscan.io/profiles/9FNz4MjPUmnJqTf6yEDbL1D4SsHVh7uA8zRHhR5K138r.png,9FNz4M,25,35,"(-$2,439.8)",-13.69 Sol,,https://x.com/0xSevere
1,Nyhrox,87MZqjjJgpuFvaU8GyQJKbZGnCFFhX82qAjBGLRXPfcn,https://cdn.kolscan.io/profiles/87MZqjjJgpuFvaU8GyQJKbZGnCFFhX82qAjBGLRXPfcn.png,87MZqj,21,39,"(-$2,657.9)",-14.92 Sol,,https://x.com/nyhrox
1,Leens,7iabBMwmSvS4CFPcjW2XYZY53bUCHzXjCFEFhxeYP4CY,https://cdn.kolscan.io/profiles/7iabBMwmSvS4CFPcjW2XYZY53bUCHzXjCFEFhxeYP4CY.png,7iabBM,7,16,"(-$2,763.0)",-15.51 Sol,https://t.me/leenscooks,https://x.com/leensx100
1,jitter,7PuHVAKDZ96s9P5FAt2eEdE8EYKxy9iUhvaLaMFqfCyj,https://cdn.kolscan.io/profiles/7PuHVAKDZ96s9P5FAt2eEdE8EYKxy9iUhvaLaMFqfCyj.png,7PuHVA,7,13,"(-$3,176.3)",-17.83 Sol,,https://x.com/jitterxyz
1,Pain,J6TDXvarvpBdPXTaTU8eJbtso1PUCYKGkVtMKUUY8iEa,https://cdn.kolscan.io/profiles/J6TDXvarvpBdPXTaTU8eJbtso1PUCYKGkVtMKUUY8iEa.png,J6TDXv,1,5,"(-$3,552.0)",-19.93 Sol,https://t.me/PainCrypto69,https://x.com/PainCrypt0
1,Key,4Bdn33fA7LLZQuuXuFLSxtPWGAUnMBcreQHfh9MXuixe,https://cdn.kolscan.io/profiles/4Bdn33fA7LLZQuuXuFLSxtPWGAUnMBcreQHfh9MXuixe.png,4Bdn33,2,16,"(-$3,636.7)",-20.41 Sol,,https://x.com/w3b3k3y
1,OGAntD,215nhcAHjQQGgwpQSJQ7zR26etbjjtVdW74NLzwEgQjP,https://cdn.kolscan.io/profiles/215nhcAHjQQGgwpQSJQ7zR26etbjjtVdW74NLzwEgQjP.png,215nhc,5,10,"(-$4,969.9)",-27.89 Sol,,https://x.com/0GAntD
1,Dex,mW4PZB45isHmnjGkLpJvjKBzVS5NXzTJ8UDyug4gTsM,https://cdn.kolscan.io/profiles/mW4PZB45isHmnjGkLpJvjKBzVS5NXzTJ8UDyug4gTsM.png,mW4PZB,11,25,"(-$5,396.2)",-30.28 Sol,,https://x.com/igndex
1,xander,B3wagQZiZU2hKa5pUCj6rrdhWsX3Q6WfTTnki9PjwzMh,https://cdn.kolscan.io/profiles/B3wagQZiZU2hKa5pUCj6rrdhWsX3Q6WfTTnki9PjwzMh.png,B3wagQ,4,5,"(-$7,743.1)",-43.45 Sol,https://t.me/xanderstrenches,https://x.com/xandereef
1,Sue,AXwssg5NjQodKofcLV6ypJL4R5usvysYt9q7YVwjEgAH,https://cdn.kolscan.io/profiles/AXwssg5NjQodKofcLV6ypJL4R5usvysYt9q7YVwjEgAH.png,AXwssg,11,29,"(-$8,185.6)",-45.94 Sol,https://t.me/sue_degenjournal,https://x.com/sue_xbt
1,Loopierr,9yYya3F5EJoLnBNKW6z4bZvyQytMXzDcpU5D6yYr4jqL,https://cdn.kolscan.io/profiles/9yYya3F5EJoLnBNKW6z4bZvyQytMXzDcpU5D6yYr4jqL.png,9yYya3,6,18,"(-$9,440.0)",-52.98 Sol,https://t.me/loopierrsjourney,https://x.com/Loopierr
1,aloh,xXpRSpAe1ajq4tJP78tS3X1AqNwJVQ4Vvb1Swg4hHQh,https://cdn.kolscan.io/profiles/xXpRSpAe1ajq4tJP78tS3X1AqNwJVQ4Vvb1Swg4hHQh.png,xXpRSp,40,67,"(-$10,343.9)",-58.05 Sol,https://t.me/alohcooks,https://x.com/alohquant
1,pullup,65paNEG8m7mCVoASVF2KbRdU21aKXdASSB9G3NjCSQuE,https://cdn.kolscan.io/profiles/65paNEG8m7mCVoASVF2KbRdU21aKXdASSB9G3NjCSQuE.png,65paNE,6,30,"(-$16,978.2)",-95.28 Sol,,https://x.com/pullupso
7,Mezoteric,EdDCRfDDeiiDXdntrP59abH4DXHFNU48zpMPYisDMjA7,https://cdn.kolscan.io/profiles/EdDCRfDDeiiDXdntrP59abH4DXHFNU48zpMPYisDMjA7.png,EdDCRf,2,2,"($119,839.8)",+672.53 Sol,,https://x.com/mezoteric
7,dv,BCagckXeMChUKrHEd6fKFA1uiWDtcmCXMsqaheLiUPJd,https://cdn.kolscan.io/profiles/BCagckXeMChUKrHEd6fKFA1uiWDtcmCXMsqaheLiUPJd.png,BCagck,569,672,"($62,208.1)",+349.11 Sol,,https://x.com/vibed333
7,Kadenox,3pZ59YENxDAcjaKa3sahZJBcgER4rGYi4v6BpPurmsGj,https://cdn.kolscan.io/profiles/3pZ59YENxDAcjaKa3sahZJBcgER4rGYi4v6BpPurmsGj.png,3pZ59Y,251,307,"($50,354.0)",+282.58 Sol,,https://x.com/kadenox
7,TIL,EHg5YkU2SZBTvuT87rUsvxArGp3HLeye1fXaSDfuMyaf,https://cdn.kolscan.io/profiles/EHg5YkU2SZBTvuT87rUsvxArGp3HLeye1fXaSDfuMyaf.png,EHg5Yk,60,162,"($38,085.7)",+213.73 Sol,,https://x.com/tilcrypto
7,S,ApRnQN2HkbCn7W2WWiT2FEKvuKJp9LugRyAE1a9Hdz1,https://cdn.kolscan.io/profiles/ApRnQN2HkbCn7W2WWiT2FEKvuKJp9LugRyAE1a9Hdz1.png,ApRnQN,37,69,"($37,604.8)",+211.03 Sol,,https://x.com/runitbackghost
7,Hail,HA1L7GhQfypSRdfBi3tCkkCVEdEcBVYqBSQCENCrwPuB,https://cdn.kolscan.io/profiles/HA1L7GhQfypSRdfBi3tCkkCVEdEcBVYqBSQCENCrwPuB.png,HA1L7G,70,77,"($36,106.1)",+202.62 Sol,,https://x.com/ignHail
7,xander,B3wagQZiZU2hKa5pUCj6rrdhWsX3Q6WfTTnki9PjwzMh,https://cdn.kolscan.io/profiles/B3wagQZiZU2hKa5pUCj6rrdhWsX3Q6WfTTnki9PjwzMh.png,B3wagQ,39,69,"($33,968.1)",+190.63 Sol,https://t.me/xanderstrenches,https://x.com/xandereef
7,Jijo,4BdKaxN8G6ka4GYtQQWk4G4dZRUTX2vQH9GcXdBREFUk,https://cdn.kolscan.io/profiles/4BdKaxN8G6ka4GYtQQWk4G4dZRUTX2vQH9GcXdBREFUk.png,4BdKax,63,20,"($33,144.8)",+186.01 Sol,https://t.me/jijosjournal,https://x.com/jijo_exe
7,Rev,EgzjRCbcdRiPc1bW52tcvGDnKDbQWCzQbUhDBszD2BZm,https://cdn.kolscan.io/profiles/EgzjRCbcdRiPc1bW52tcvGDnKDbQWCzQbUhDBszD2BZm.png,EgzjRC,20,40,"($32,020.7)",+179.70 Sol,,https://x.com/solrevv
7,Groovy,34ZEH778zL8ctkLwxxERLX5ZnUu6MuFyX9CWrs8kucMw,https://cdn.kolscan.io/profiles/34ZEH778zL8ctkLwxxERLX5ZnUu6MuFyX9CWrs8kucMw.png,34ZEH7,200,152,"($28,047.9)",+157.40 Sol,,https://x.com/0xGroovy
7,The Doc,DYAn4XpAkN5mhiXkRB7dGq4Jadnx6XYgu8L5b3WGhbrt,https://cdn.kolscan.io/profiles/DYAn4XpAkN5mhiXkRB7dGq4Jadnx6XYgu8L5b3WGhbrt.png,DYAn4X,44,54,"($27,269.1)",+153.03 Sol,,https://x.com/KayTheDoc
7,Heyitsyolo,Av3xWHJ5EsoLZag6pr7LKbrGgLRTaykXomDD5kBhL9YQ,https://cdn.kolscan.io/profiles/Av3xWHJ5EsoLZag6pr7LKbrGgLRTaykXomDD5kBhL9YQ.png,Av3xWH,229,187,"($25,440.0)",+142.77 Sol,,https://x.com/Heyitsyolotv
7,ozark,DZAa55HwXgv5hStwaTEJGXZz1DhHejvpb7Yr762urXam,https://cdn.kolscan.io/profiles/DZAa55HwXgv5hStwaTEJGXZz1DhHejvpb7Yr762urXam.png,DZAa55,93,150,"($24,108.1)",+135.29 Sol,,https://x.com/ohzarke
7,aloh,xXpRSpAe1ajq4tJP78tS3X1AqNwJVQ4Vvb1Swg4hHQh,https://cdn.kolscan.io/profiles/xXpRSpAe1ajq4tJP78tS3X1AqNwJVQ4Vvb1Swg4hHQh.png,xXpRSp,267,385,"($23,565.7)",+132.25 Sol,https://t.me/alohcooks,https://x.com/alohquant
7,Sebastian,3BLjRcxWGtR7WRshJ3hL25U3RjWr5Ud98wMcczQqk4Ei,https://cdn.kolscan.io/profiles/3BLjRcxWGtR7WRshJ3hL25U3RjWr5Ud98wMcczQqk4Ei.png,3BLjRc,215,382,"($21,376.0)",+119.96 Sol,,https://x.com/Saint_pablo123
7,Al4n,2YJbcB9G8wePrpVBcT31o8JEed6L3abgyCjt5qkJMymV,https://cdn.kolscan.io/profiles/2YJbcB9G8wePrpVBcT31o8JEed6L3abgyCjt5qkJMymV.png,2YJbcB,318,410,"($19,565.6)",+109.80 Sol,,https://x.com/Al4neu
7,Smokez,5t9xBNuDdGTGpjaPTx6hKd7sdRJbvtKS8Mhq6qVbo8Qz,https://cdn.kolscan.io/profiles/5t9xBNuDdGTGpjaPTx6hKd7sdRJbvtKS8Mhq6qVbo8Qz.png,5t9xBN,54,25,"($18,097.2)",+101.56 Sol,,https://x.com/SmokezXBT
7,cxltures,3ZtwP8peTwTfLUF1rgUQgUxwyeHCxfmoELXghQzKqnAJ,https://cdn.kolscan.io/profiles/3ZtwP8peTwTfLUF1rgUQgUxwyeHCxfmoELXghQzKqnAJ.png,3ZtwP8,216,411,"($16,529.8)",+92.76 Sol,,https://x.com/cxlturesvz
7,theo,Bi4rd5FH5bYEN8scZ7wevxNZyNmKHdaBcvewdPFxYdLt,https://cdn.kolscan.io/profiles/Bi4rd5FH5bYEN8scZ7wevxNZyNmKHdaBcvewdPFxYdLt.png,Bi4rd5,310,445,"($12,613.5)",+70.79 Sol,,https://x.com/theonomix
7,Bastille,3kebnKw7cPdSkLRfiMEALyZJGZ4wdiSRvmoN4rD1yPzV,https://cdn.kolscan.io/profiles/3kebnKw7cPdSkLRfiMEALyZJGZ4wdiSRvmoN4rD1yPzV.png,3kebnK,97,114,"($12,163.9)",+68.26 Sol,,https://x.com/BastilleBtc
7,Mr. Frog,4DdrfiDHpmx55i4SPssxVzS9ZaKLb8qr45NKY9Er9nNh,https://cdn.kolscan.io/profiles/4DdrfiDHpmx55i4SPssxVzS9ZaKLb8qr45NKY9Er9nNh.png,4Ddrfi,92,32,"($10,888.4)",+61.10 Sol,,https://x.com/TheMisterFrog
7,Classic,DsqRyTUh1R37asYcVf1KdX4CNnz5DKEFmnXvgT4NfTPE,https://cdn.kolscan.io/profiles/DsqRyTUh1R37asYcVf1KdX4CNnz5DKEFmnXvgT4NfTPE.png,DsqRyT,107,112,"($10,731.0)",+60.22 Sol,https://t.me/mrclassiccalls,https://x.com/simplyclassic69
7,West,JDd3hy3gQn2V982mi1zqhNqUw1GfV2UL6g76STojCJPN,https://cdn.kolscan.io/profiles/JDd3hy3gQn2V982mi1zqhNqUw1GfV2UL6g76STojCJPN.png,JDd3hy,128,179,"($10,404.8)",+58.39 Sol,,https://x.com/ratwizardx
7,Cooker,8deJ9xeUvXSJwicYptA9mHsU2rN2pDx37KWzkDkEXhU6,https://cdn.kolscan.io/profiles/8deJ9xeUvXSJwicYptA9mHsU2rN2pDx37KWzkDkEXhU6.png,8deJ9x,62,19,"($10,230.8)",+57.41 Sol,https://t.me/CookersCooks,https://x.com/CookerFlips
7,Orange,96sErVjEN7LNJ6Uvj63bdRWZxNuBngj56fnT9biHLKBf,https://cdn.kolscan.io/profiles/96sErVjEN7LNJ6Uvj63bdRWZxNuBngj56fnT9biHLKBf.png,96sErV,36,59,"($10,219.4)",+57.35 Sol,,https://x.com/OrangeSBS
7,YOUNIZ,EKDDjxzJ39Bjkr47NiARGJDKFVxiiV9WNJ5XbtEhPEXP,https://cdn.kolscan.io/profiles/EKDDjxzJ39Bjkr47NiARGJDKFVxiiV9WNJ5XbtEhPEXP.png,EKDDjx,101,163,"($10,073.8)",+56.53 Sol,,https://x.com/YOUNIZ_XLZ
7,Gake,DNfuF1L62WWyW3pNakVkyGGFzVVhj4Yr52jSmdTyeBHm,https://cdn.kolscan.io/profiles/DNfuF1L62WWyW3pNakVkyGGFzVVhj4Yr52jSmdTyeBHm.png,DNfuF1,3,0,"($8,820.7)",+49.50 Sol,https://t.me/GakesBakes,https://x.com/Ga__ke
7,el charto,CCUcjek5p6DLoH2YNtjizxYhAnStXAQAGVxhp1cYJF7w,https://cdn.kolscan.io/profiles/CCUcjek5p6DLoH2YNtjizxYhAnStXAQAGVxhp1cYJF7w.png,CCUcje,153,67,"($8,200.1)",+46.02 Sol,https://t.me/ChartoCartel,https://x.com/elchartox
7,Latuche,GJA1HEbxGnqBhBifH9uQauzXSB53to5rhDrzmKxhSU65,https://cdn.kolscan.io/profiles/GJA1HEbxGnqBhBifH9uQauzXSB53to5rhDrzmKxhSU65.png,GJA1HE,80,139,"($7,687.1)",+43.14 Sol,,https://x.com/Latuche95
7,Qtdegen,7tiRXPM4wwBMRMYzmywRAE6jveS3gDbNyxgRrEoU6RLA,https://cdn.kolscan.io/profiles/7tiRXPM4wwBMRMYzmywRAE6jveS3gDbNyxgRrEoU6RLA.png,7tiRXP,94,148,"($7,008.9)",+39.33 Sol,,https://x.com/qtdegen
7,Idontpaytaxes,2T5NgDDidkvhJQg8AHDi74uCFwgp25pYFMRZXBaCUNBH,https://cdn.kolscan.io/profiles/2T5NgDDidkvhJQg8AHDi74uCFwgp25pYFMRZXBaCUNBH.png,2T5NgD,50,47,"($6,860.4)",+38.50 Sol,,https://x.com/untaxxable
7,Beaver,GM7Hrz2bDq33ezMtL6KGidSWZXMWgZ6qBuugkb5H8NvN,https://cdn.kolscan.io/profiles/GM7Hrz2bDq33ezMtL6KGidSWZXMWgZ6qBuugkb5H8NvN.png,GM7Hrz,4,1,"($6,184.5)",+34.71 Sol,,https://x.com/beaverd
7,dean bulla,J6p2MS1gjygk9Hod8vKUEfcuWqMwfAwqFJyJX7UC8p6b,https://cdn.kolscan.io/profiles/J6p2MS1gjygk9Hod8vKUEfcuWqMwfAwqFJyJX7UC8p6b.png,J6p2MS,8,1,"($5,560.1)",+31.20 Sol,,https://x.com/deanbulla
7,goob,9BkauJdFYUyBkNBZwV4mNNyfeVKhHvjULb7cL4gFQaLt,https://cdn.kolscan.io/profiles/9BkauJdFYUyBkNBZwV4mNNyfeVKhHvjULb7cL4gFQaLt.png,9BkauJ,56,30,"($5,229.0)",+29.34 Sol,https://t.me/goobscall,https://x.com/ifullclipp
7,Insentos,7SDs3PjT2mswKQ7Zo4FTucn9gJdtuW4jaacPA65BseHS,https://cdn.kolscan.io/profiles/7SDs3PjT2mswKQ7Zo4FTucn9gJdtuW4jaacPA65BseHS.png,7SDs3P,23,21,"($4,825.7)",+27.08 Sol,https://t.me/insentos,https://x.com/insentos
7,bandit,5B79fMkcFeRTiwm7ehsZsFiKsC7m7n1Bgv9yLxPp9q2X,https://cdn.kolscan.io/profiles/5B79fMkcFeRTiwm7ehsZsFiKsC7m7n1Bgv9yLxPp9q2X.png,5B79fM,219,448,"($4,690.0)",+26.32 Sol,,https://x.com/bandeeeez
7,OGAntD,215nhcAHjQQGgwpQSJQ7zR26etbjjtVdW74NLzwEgQjP,https://cdn.kolscan.io/profiles/215nhcAHjQQGgwpQSJQ7zR26etbjjtVdW74NLzwEgQjP.png,215nhc,42,74,"($4,141.4)",+23.24 Sol,,https://x.com/0GAntD
7,Daumen,8MaVa9kdt3NW4Q5HyNAm1X5LbR8PQRVDc1W8NMVK88D5,https://cdn.kolscan.io/profiles/8MaVa9kdt3NW4Q5HyNAm1X5LbR8PQRVDc1W8NMVK88D5.png,8MaVa9,26,10,"($4,063.3)",+22.80 Sol,,https://x.com/daumeneth
7,Henn100x,FRbUNvGxYNC1eFngpn7AD3f14aKKTJVC6zSMtvj2dyCS,https://cdn.kolscan.io/profiles/FRbUNvGxYNC1eFngpn7AD3f14aKKTJVC6zSMtvj2dyCS.png,FRbUNv,250,528,"($4,048.9)",+22.72 Sol,,https://x.com/henn100x
7,Carti The Menace,3mPypxb7ViYEdLv4siFmESvY5w5ZKknwgmB4TPcZ77qe,https://cdn.kolscan.io/profiles/3mPypxb7ViYEdLv4siFmESvY5w5ZKknwgmB4TPcZ77qe.png,3mPypx,27,13,"($3,416.6)",+19.17 Sol,,https://x.com/CartiTheMenace
7,Dan176,J2B5fnm2DAAUAGa4EaegwQFoYaN6B5FerGA5sjtQoaGM,https://cdn.kolscan.io/profiles/J2B5fnm2DAAUAGa4EaegwQFoYaN6B5FerGA5sjtQoaGM.png,J2B5fn,15,14,"($2,919.0)",+16.38 Sol,https://t.me/DansCall,https://x.com/176Dan
7,JB,7dP8DmRka5rmQti4zEEDjdAyaQyvFsPkcXMjEKJucqCu,https://cdn.kolscan.io/profiles/7dP8DmRka5rmQti4zEEDjdAyaQyvFsPkcXMjEKJucqCu.png,7dP8Dm,19,9,"($2,429.3)",+13.63 Sol,,https://x.com/Jeetburner
7,Sully,Ebk5ATdfrCuKi27dHZaw5YYsfREEzvvU8xeBhMxQoex6,https://cdn.kolscan.io/profiles/Ebk5ATdfrCuKi27dHZaw5YYsfREEzvvU8xeBhMxQoex6.png,Ebk5AT,23,22,"($2,321.4)",+13.03 Sol,https://t.me/kitchenofsully,https://x.com/sullyfromDeets
7,Xelf,9Vk7pkBZ9KFJmzaPzNYjGedyz8qoKMQtnYyYi2AehNMT,https://cdn.kolscan.io/profiles/9Vk7pkBZ9KFJmzaPzNYjGedyz8qoKMQtnYyYi2AehNMT.png,9Vk7pk,23,13,"($2,089.0)",+11.72 Sol,https://t.me/xelfalpha,https://x.com/xelf_sol
7,Phineas.SOL,7KqmgKkDrAfZhLG7w57gYdkYhyLYE7mVck5MjkYRHaSG,https://cdn.kolscan.io/profiles/7KqmgKkDrAfZhLG7w57gYdkYhyLYE7mVck5MjkYRHaSG.png,7KqmgK,13,9,"($1,163.3)",+6.53 Sol,https://t.me/PhineasCabal,https://x.com/Phineas_Sol
7,decu,4vw54BmAogeRV3vPKWyFet5yf8DTLcREzdSzx4rw9Ud9,https://cdn.kolscan.io/profiles/4vw54BmAogeRV3vPKWyFet5yf8DTLcREzdSzx4rw9Ud9.png,4vw54B,4,7,"($1,134.7)",+6.37 Sol,https://t.me/DecusCalls,https://x.com/notdecu
7,shaka,4S8YBCt6hhi7Nr1NnKF6jF856LLN8JJFzD1a8nF5UuHA,https://cdn.kolscan.io/profiles/4S8YBCt6hhi7Nr1NnKF6jF856LLN8JJFzD1a8nF5UuHA.png,4S8YBC,38,142,($933.8),+5.24 Sol,https://t.me/shakasisland,https://x.com/solanashaka
7,0xWinged,HrCPnDvDgbpbFxKxer6Pw3qEcfAQQNNjb6aJNFWgTEng,https://cdn.kolscan.io/profiles/HrCPnDvDgbpbFxKxer6Pw3qEcfAQQNNjb6aJNFWgTEng.png,HrCPnD,16,19,($917.7),+5.15 Sol,,https://x.com/0xExorcized
7,Ethan Prosper,sAdNbe1cKNMDqDsa4npB3TfL62T14uAo2MsUQfLvzLT,https://cdn.kolscan.io/profiles/sAdNbe1cKNMDqDsa4npB3TfL62T14uAo2MsUQfLvzLT.png,sAdNbe,83,110,($772.1),+4.33 Sol,,https://x.com/pr6spr
7,Exy,8hKZKqCgZWxnvRz1XAvmbuzCAfqo5xFjH17vM2J2HTe1,https://cdn.kolscan.io/profiles/8hKZKqCgZWxnvRz1XAvmbuzCAfqo5xFjH17vM2J2HTe1.png,8hKZKq,3,2,($230.0),+1.29 Sol,,https://x.com/eth_exy
7,Letterbomb,BtMBMPkoNbnLF9Xn552guQq528KKXcsNBNNBre3oaQtr,https://cdn.kolscan.io/profiles/BtMBMPkoNbnLF9Xn552guQq528KKXcsNBNNBre3oaQtr.png,BtMBMP,576,690,($167.8),+0.94 Sol,,https://x.com/ihateoop
7,Value & Time,3nvC8cSrEBqFEXZjUpKfwZMPk7xYdqcnoxmFBjXiizVX,https://cdn.kolscan.io/profiles/3nvC8cSrEBqFEXZjUpKfwZMPk7xYdqcnoxmFBjXiizVX.png,3nvC8c,13,12,($86.0),+0.48 Sol,,https://x.com/valueandtime
7,MoneyMaykah,3i8akM4xfSX9WKFB5bQ61fmiYkeKQEFqvdMEyu6pSEk9,https://cdn.kolscan.io/profiles/3i8akM4xfSX9WKFB5bQ61fmiYkeKQEFqvdMEyu6pSEk9.png,3i8akM,24,34,($67.1),+0.38 Sol,,https://x.com/moneymaykah_
7,Sabby,9K18MstUaXmSFSBoa9qDTqWTnYhTZqdgEhuKRTVRgh6g,https://cdn.kolscan.io/profiles/9K18MstUaXmSFSBoa9qDTqWTnYhTZqdgEhuKRTVRgh6g.png,9K18Ms,1,0,($5.4),+0.03 Sol,,https://x.com/sabby_eth
7,dingaling,9X5n5i1mugTjgGPhqf1KJDt8r4kD8TF3s62ttbxKzFHa,https://cdn.kolscan.io/profiles/9X5n5i1mugTjgGPhqf1KJDt8r4kD8TF3s62ttbxKzFHa.png,9X5n5i,0,0,($0.0),+0.00 Sol,,https://x.com/dingalingts
7,Unipcs (aka 'Bonk Guy'),5M8ACGKEXG1ojKDTMH3sMqhTihTgHYMSsZc6W8i7QW3Y,https://cdn.kolscan.io/profiles/5M8ACGKEXG1ojKDTMH3sMqhTihTgHYMSsZc6W8i7QW3Y.png,5M8ACG,0,0,($0.0),+0.00 Sol,,https://x.com/theunipcs
7,Angi,AGnd5WTHMUbyK3kjjQPdQFM3TbWcuPTtkwBFWVUwiCLu,https://cdn.kolscan.io/profiles/AGnd5WTHMUbyK3kjjQPdQFM3TbWcuPTtkwBFWVUwiCLu.png,AGnd5W,0,0,($0.0),+0.00 Sol,https://t.me/angiscalls,https://x.com/angitradez
7,Hustler,HUS9ErdrDqpqQePbmfgJUTnDTE6eZ8ES62a25RihSK9U,https://cdn.kolscan.io/profiles/HUS9ErdrDqpqQePbmfgJUTnDTE6eZ8ES62a25RihSK9U.png,HUS9Er,0,0,($0.0),+0.00 Sol,https://t.me/hustlersalpha,https://x.com/JoeVargas
7,Lucas,B7FDzJnb7DLYH1A37tKEFss1RRSz5C7MYgTRRMaWzBqa,https://cdn.kolscan.io/profiles/B7FDzJnb7DLYH1A37tKEFss1RRSz5C7MYgTRRMaWzBqa.png,B7FDzJ,0,0,($0.0),+0.00 Sol,https://t.me/frontruncalls,https://x.com/LockedInLucas
7,Jordan,EAnB5151L8ejp3SM6haLgyv3snk6oqc8acKgWEg9T5J,https://cdn.kolscan.io/profiles/EAnB5151L8ejp3SM6haLgyv3snk6oqc8acKgWEg9T5J.png,EAnB51,0,0,($0.0),+0.00 Sol,,https://x.com/ohFrostyyy
7,ShockedJS,6m5sW6EAPAHncxnzapi1ZVJNRb9RZHQ3Bj7FD84X9rAF,https://cdn.kolscan.io/profiles/6m5sW6EAPAHncxnzapi1ZVJNRb9RZHQ3Bj7FD84X9rAF.png,6m5sW6,0,0,($0.0),+0.00 Sol,https://t.me/shockedjstrading,https://x.com/ShockedJS
7,mog,EzLywbxhxsAiNc7C9EY8fa9qZNUrMkayozWfHu7hbPJD,https://cdn.kolscan.io/profiles/EzLywbxhxsAiNc7C9EY8fa9qZNUrMkayozWfHu7hbPJD.png,EzLywb,0,0,($0.0),+0.00 Sol,,https://x.com/10piecedawg
7,Lyxe,HLv6yCEpgjQV9PcKsvJpem8ESyULTyh9HjHn9CtqSek1,https://cdn.kolscan.io/profiles/HLv6yCEpgjQV9PcKsvJpem8ESyULTyh9HjHn9CtqSek1.png,HLv6yC,0,0,($0.0),+0.00 Sol,https://t.me/+yFy-8j3uwBBjMzhl,https://x.com/cryptolyxe
7,Scooter,9NL6thsiaoyDnm7XF8hEbMoqeG172WmG7iKYpygvjfgo,https://cdn.kolscan.io/profiles/9NL6thsiaoyDnm7XF8hEbMoqeG172WmG7iKYpygvjfgo.png,9NL6th,0,0,($0.0),+0.00 Sol,,https://x.com/imperooterxbt
7,TheDefiApe,ExKCuoAzJCgCVjU3CvNoL8vVrdESTWkx3ubj6rQXwQM4,https://cdn.kolscan.io/profiles/ExKCuoAzJCgCVjU3CvNoL8vVrdESTWkx3ubj6rQXwQM4.png,ExKCuo,0,0,($0.0),+0.00 Sol,https://t.me/DEFIAPEALERTS,https://x.com/TheDefiApe
7,Dolo,5wcc13mXoyqe6qh2iHH5GFknojoJ7y13ZPx9K4NXTuo3,https://cdn.kolscan.io/profiles/5wcc13mXoyqe6qh2iHH5GFknojoJ7y13ZPx9K4NXTuo3.png,5wcc13,0,0,($0.0),+0.00 Sol,https://t.me/DolosTradingDojo,https://x.com/doloxbt
7,Levis,GwoFJFjUTUSWq2EwTz4P2Sznoq9XYLrf8t4q5kbTgZ1R,https://cdn.kolscan.io/profiles/GwoFJFjUTUSWq2EwTz4P2Sznoq9XYLrf8t4q5kbTgZ1R.png,GwoFJF,0,0,($0.0),+0.00 Sol,https://t.me/LevisAlpha,https://x.com/LevisNFT
7,404Flipped,AbcX4XBm7DJ3i9p29i6sU8WLmiW4FWY5tiwB9D6UBbcE,https://cdn.kolscan.io/profiles/AbcX4XBm7DJ3i9p29i6sU8WLmiW4FWY5tiwB9D6UBbcE.png,AbcX4X,0,0,($0.0),+0.00 Sol,,https://x.com/404flipped
7,ChartFu,7i7vHEv87bs135DuoJVKe9c7abentawA5ydfWcWc8iY2,https://cdn.kolscan.io/profiles/7i7vHEv87bs135DuoJVKe9c7abentawA5ydfWcWc8iY2.png,7i7vHE,0,0,($0.0),+0.00 Sol,,https://x.com/ChartFuMonkey
7,Jeets,D1H83ueSw5Nxy5okxH7VBfV4jRnqAK5Mm1tm3JAj3m5t,https://cdn.kolscan.io/profiles/D1H83ueSw5Nxy5okxH7VBfV4jRnqAK5Mm1tm3JAj3m5t.png,D1H83u,0,0,($0.0),+0.00 Sol,,https://x.com/ieatjeets
7,Midjet,8FaNi7XawZVC17sci13dHi2NeyNTQgjZyrBxwgyMEfj1,https://cdn.kolscan.io/profiles/8FaNi7XawZVC17sci13dHi2NeyNTQgjZyrBxwgyMEfj1.png,8FaNi7,0,0,($0.0),+0.00 Sol,,https://x.com/MidjetV2
7,Aroa,Aen6LKc7sGVPTyjMd5cu9B9XVjL7m9pnvAiP2ZNJC4GZ,https://cdn.kolscan.io/profiles/Aen6LKc7sGVPTyjMd5cu9B9XVjL7m9pnvAiP2ZNJC4GZ.png,Aen6LK,0,0,($0.0),+0.00 Sol,https://t.me/AroasJournal,https://x.com/AroaOnSol
7,Jerry,HKjuMsz7JMuiQhkZsAwqogPf1KwhwACZGMcTmmtesoWv,https://cdn.kolscan.io/profiles/HKjuMsz7JMuiQhkZsAwqogPf1KwhwACZGMcTmmtesoWv.png,HKjuMs,0,0,($0.0),+0.00 Sol,https://t.me/jerrycabal,https://x.com/chefjerrry
7,Meechie,831qmkeGhfL8YpcXuhrug6nHj1YdK3aXMDQUCo85Auh1,https://cdn.kolscan.io/profiles/831qmkeGhfL8YpcXuhrug6nHj1YdK3aXMDQUCo85Auh1.png,831qmk,0,0,($0.0),+0.00 Sol,https://t.co/zb0ZJIEhEm,https://x.com/973Meech
7,Robo,Gv7CnRo2L2SJ583XEfoKHKbmWK3wNoBDxVoJqMKJR4Nu,https://cdn.kolscan.io/profiles/Gv7CnRo2L2SJ583XEfoKHKbmWK3wNoBDxVoJqMKJR4Nu.png,Gv7CnR,0,0,($0.0),+0.00 Sol,https://t.me/robogems,https://x.com/roboPBOC
7,Solstice,GrD2umbfEBjQKFPDQvmmYNQ5eyRL9SAdWJj9FFMyeaDN,https://cdn.kolscan.io/profiles/GrD2umbfEBjQKFPDQvmmYNQ5eyRL9SAdWJj9FFMyeaDN.png,GrD2um,0,0,($0.0),+0.00 Sol,https://t.me/solsticesmoonshots,https://x.com/The__Solstice
7,Obijai,C4BWYccLsbeHgZzVupFZJGvJK2nQpn8em9WtzURH4gZW,https://cdn.kolscan.io/profiles/C4BWYccLsbeHgZzVupFZJGvJK2nQpn8em9WtzURH4gZW.png,C4BWYc,0,0,($0.0),+0.00 Sol,,https://x.com/Obijai
7,Izzy,42nsEk51owYM3uciuRvFerqK77yhXZyjBLRgkDzJPV2g,https://cdn.kolscan.io/profiles/42nsEk51owYM3uciuRvFerqK77yhXZyjBLRgkDzJPV2g.png,42nsEk,0,0,($0.0),+0.00 Sol,https://t.me/izzyDegens,https://x.com/degenIzzy
7,Pow,8zFZHuSRuDpuAR7J6FzwyF3vKNx4CVW3DFHJerQhc7Zd,https://cdn.kolscan.io/profiles/8zFZHuSRuDpuAR7J6FzwyF3vKNx4CVW3DFHJerQhc7Zd.png,8zFZHu,0,0,($0.0),+0.00 Sol,https://t.me/PowsGemCalls,https://x.com/traderpow
7,Bobby,DBmRHNbSsVX8F6NyVaaaiuGdwo1aYGawiy3jfNcvXYSC,https://cdn.kolscan.io/profiles/DBmRHNbSsVX8F6NyVaaaiuGdwo1aYGawiy3jfNcvXYSC.png,DBmRHN,0,0,($0.0),+0.00 Sol,,https://x.com/retardmode
7,CC2,B3beyovNKBo4wF1uFrfGfpVeyEHjFyJPmEBciz7kpnoS,https://cdn.kolscan.io/profiles/B3beyovNKBo4wF1uFrfGfpVeyEHjFyJPmEBciz7kpnoS.png,B3beyo,0,0,($0.0),+0.00 Sol,,https://x.com/CC2Ventures
7,Monarch,H9h6UV9cwWWogcTZ5gbzQ6Z3dYDNaiJ3mUWw3aGnE3Mc,https://cdn.kolscan.io/profiles/H9h6UV9cwWWogcTZ5gbzQ6Z3dYDNaiJ3mUWw3aGnE3Mc.png,H9h6UV,0,0,($0.0),+0.00 Sol,https://t.me/MonarchJournal,https://x.com/MonarchBTC
7,Rizz,BPWsae36tY6oFz7f5MjsfTGqzi3ttM1AsAtjMvUb91tT,https://cdn.kolscan.io/profiles/BPWsae36tY6oFz7f5MjsfTGqzi3ttM1AsAtjMvUb91tT.png,BPWsae,0,0,($0.0),+0.00 Sol,,https://x.com/sollrizz
7,Dave Portnoy,5rkPDK4JnVAumgzeV2Zu8vjggMTtHdDtrsd5o9dhGZHD,https://cdn.kolscan.io/profiles/5rkPDK4JnVAumgzeV2Zu8vjggMTtHdDtrsd5o9dhGZHD.png,5rkPDK,0,0,($0.0),+0.00 Sol,,https://x.com/stoolpresidente
7,Bolivian,5AyJw1VNDgTho2chipbVmuGqTuX1fCvVkLneChQkQrw8,https://cdn.kolscan.io/profiles/5AyJw1VNDgTho2chipbVmuGqTuX1fCvVkLneChQkQrw8.png,5AyJw1,0,0,($0.0),+0.00 Sol,http://t.me/boliviantrades,https://x.com/_bolivian
7,s0ber,Hq5TTULwwmDjGvzQukgujHQogZ5uFSCyYHpP756Uvyae,https://cdn.kolscan.io/profiles/Hq5TTULwwmDjGvzQukgujHQogZ5uFSCyYHpP756Uvyae.png,Hq5TTU,0,0,($0.0),+0.00 Sol,,https://x.com/whaIecrypto
7,Issa,2BU3NAzgRA2gg2MpzwwXpA8X4CCRaLgrf6TY1FKfJPX2,https://cdn.kolscan.io/profiles/2BU3NAzgRA2gg2MpzwwXpA8X4CCRaLgrf6TY1FKfJPX2.png,2BU3NA,0,0,($0.0),+0.00 Sol,https://t.me/issasthoughts,https://x.com/issathecooker
7,LilMoonLambo,7XwZnjto6bV1W8apxiETm9F6CHMDRRPLkG19ejy7t8dZ,https://cdn.kolscan.io/profiles/7XwZnjto6bV1W8apxiETm9F6CHMDRRPLkG19ejy7t8dZ.png,7XwZnj,0,0,($0.0),+0.00 Sol,,https://x.com/LilMoonLambo
7,BagCalls,4AHgEkTsGqY77qtde4UJn9yZCrbGcM7UM3vjT3qM4G5H,https://cdn.kolscan.io/profiles/4AHgEkTsGqY77qtde4UJn9yZCrbGcM7UM3vjT3qM4G5H.png,4AHgEk,3,5,(-$18.6),-0.10 Sol,https://t.me/bagcalls,https://x.com/BagCalls
7,Betman,BoYHJoKntk3pjkaV8qFojEonSPWmWMfQocZTwDd1bcGG,https://cdn.kolscan.io/profiles/BoYHJoKntk3pjkaV8qFojEonSPWmWMfQocZTwDd1bcGG.png,BoYHJo,3,5,(-$72.0),-0.40 Sol,,https://x.com/ImTheBetman
7,sp,722tXm5uB5uuG2tC43uKHXQ7Pbyz75pTokEAJv9x5VTx,https://cdn.kolscan.io/profiles/722tXm5uB5uuG2tC43uKHXQ7Pbyz75pTokEAJv9x5VTx.png,722tXm,16,32,(-$99.4),-0.56 Sol,,https://x.com/SolanaPlays
7,Chefin,6Qs6joB349h7zu1z9xRgPgMSmpBYLDQb2wtAecY4LysH,https://cdn.kolscan.io/profiles/6Qs6joB349h7zu1z9xRgPgMSmpBYLDQb2wtAecY4LysH.png,6Qs6jo,2,9,(-$207.8),-1.17 Sol,https://t.me/ChefinAlpha,https://x.com/Chefin100x
7,Michi,8YYDiCbPd4nM8TxrQEVdPA4aG8jys8R7Z1kKsgPL4pwh,https://cdn.kolscan.io/profiles/8YYDiCbPd4nM8TxrQEVdPA4aG8jys8R7Z1kKsgPL4pwh.png,8YYDiC,2,5,(-$242.6),-1.36 Sol,,https://x.com/michibets
7,Insyder,G3g1CKqKWSVEVURZDNMazDBv7YAhMNTjhJBVRTiKZygk,https://cdn.kolscan.io/profiles/G3g1CKqKWSVEVURZDNMazDBv7YAhMNTjhJBVRTiKZygk.png,G3g1CK,2,3,(-$264.1),-1.48 Sol,,https://x.com/insydercrypto
7,Rektober,HCQb4Qrtk4qCfChDH8XvM5onymmCSmRj9bddV6QCPdRe,https://cdn.kolscan.io/profiles/HCQb4Qrtk4qCfChDH8XvM5onymmCSmRj9bddV6QCPdRe.png,HCQb4Q,0,1,(-$292.7),-1.64 Sol,https://t.me/RektNFA,https://x.com/rektober
7,Dutch,9vWutdTBs66hWkeCmxaLFpkKy4q5RSe8DsFjfdxj5yFA,https://cdn.kolscan.io/profiles/9vWutdTBs66hWkeCmxaLFpkKy4q5RSe8DsFjfdxj5yFA.png,9vWutd,40,69,(-$295.4),-1.66 Sol,,https://x.com/0xDutch_
7,Jay,HwRnKq7RPtKHvX9wyHsc1zvfHtGjPQa5tyZtGtbvfXE,https://cdn.kolscan.io/profiles/HwRnKq7RPtKHvX9wyHsc1zvfHtGjPQa5tyZtGtbvfXE.png,HwRnKq,8,13,(-$310.3),-1.74 Sol,,https://x.com/BitBoyJay
7,Jazz,Ds8mcuP5r2phg596mLui3ti3PJtVvFRw19Eo9UFdJ5Bc,https://cdn.kolscan.io/profiles/Ds8mcuP5r2phg596mLui3ti3PJtVvFRw19Eo9UFdJ5Bc.png,Ds8mcu,4,17,(-$362.8),-2.04 Sol,,https://x.com/youngjazzeth
7,dust,FzVQSzj8JJr6WMGqbUHzx2XH1KkrfxRrRPv6WcbbZmND,https://cdn.kolscan.io/profiles/FzVQSzj8JJr6WMGqbUHzx2XH1KkrfxRrRPv6WcbbZmND.png,FzVQSz,18,29,(-$503.6),-2.83 Sol,https://t.me/dustsdungeon,https://x.com/dustxbt
7,Fashr,719sfKUjiMThumTt2u39VMGn612BZyCcwbM5Pe8SqFYz,https://cdn.kolscan.io/profiles/719sfKUjiMThumTt2u39VMGn612BZyCcwbM5Pe8SqFYz.png,719sfK,167,316,(-$579.7),-3.25 Sol,,https://x.com/FASHRCrypto
7,GVQ,2iJNcbQ7hjwLzcRqoo37xYaTPCRMHzfcdeUmNZHbFs55,https://cdn.kolscan.io/profiles/2iJNcbQ7hjwLzcRqoo37xYaTPCRMHzfcdeUmNZHbFs55.png,2iJNcb,6,14,(-$678.7),-3.81 Sol,,https://x.com/GVQ_xx
7,big bags bobby,8oQoMhfBQnRspn7QtNAq2aPThRE4q94kLSTwaaFQvRgs,https://cdn.kolscan.io/profiles/8oQoMhfBQnRspn7QtNAq2aPThRE4q94kLSTwaaFQvRgs.png,8oQoMh,17,17,(-$839.6),-4.71 Sol,,https://x.com/bigbagsbobby
7,Jalen,F72vY99ihQsYwqEDCfz7igKXA5me6vN2zqVsVUTpw6qL,https://cdn.kolscan.io/profiles/F72vY99ihQsYwqEDCfz7igKXA5me6vN2zqVsVUTpw6qL.png,F72vY9,3,3,"(-$1,014.1)",-5.69 Sol,,https://x.com/RipJalens
7,evening,E7gozEiAPNhpJsdS52amhhN2XCAqLZa7WPrhyR6C8o4S,https://cdn.kolscan.io/profiles/E7gozEiAPNhpJsdS52amhhN2XCAqLZa7WPrhyR6C8o4S.png,E7gozE,2,4,"(-$1,323.6)",-7.43 Sol,,https://x.com/eveningbtc
7,Collectible,Ehqd8q5rAN8V7Y7EGxYm3Tp4KPQMTVWQtzjSSPP3Upg3,https://cdn.kolscan.io/profiles/Ehqd8q5rAN8V7Y7EGxYm3Tp4KPQMTVWQtzjSSPP3Upg3.png,Ehqd8q,0,1,"(-$2,024.9)",-11.36 Sol,,https://x.com/collectible
7,Lynk,DrHszsqMAMuBrgRJ3XG7ZutDfEETHFW6W7vxA1vSQ2Ub,https://cdn.kolscan.io/profiles/DrHszsqMAMuBrgRJ3XG7ZutDfEETHFW6W7vxA1vSQ2Ub.png,DrHszs,42,56,"(-$2,126.4)",-11.93 Sol,https://t.me/lynkscabal,https://x.com/lynk0x
7,Mitch,4Be9CvxqHW6BYiRAxW9Q3xu1ycTMWaL5z8NX4HR3ha7t,https://cdn.kolscan.io/profiles/4Be9CvxqHW6BYiRAxW9Q3xu1ycTMWaL5z8NX4HR3ha7t.png,4Be9Cv,0,1,"(-$2,298.5)",-12.90 Sol,https://t.me/whimsicalclown,https://x.com/idrawline
7,Zyaf,F5TjPySiUJMdvqMZHnPP85Rc1vErDGV5FR5P2vdVm429,https://cdn.kolscan.io/profiles/F5TjPySiUJMdvqMZHnPP85Rc1vErDGV5FR5P2vdVm429.png,F5TjPy,33,62,"(-$2,374.3)",-13.32 Sol,https://t.me/zyafgambles,https://x.com/0xZyaf
7,Danny,9FNz4MjPUmnJqTf6yEDbL1D4SsHVh7uA8zRHhR5K138r,https://cdn.kolscan.io/profiles/9FNz4MjPUmnJqTf6yEDbL1D4SsHVh7uA8zRHhR5K138r.png,9FNz4M,207,298,"(-$2,527.6)",-14.18 Sol,,https://x.com/0xSevere
7,Oura,4WPTQA7BB4iRdrPhgNpJihGcxKh8T43gLjMn5PbEVfQw,https://cdn.kolscan.io/profiles/4WPTQA7BB4iRdrPhgNpJihGcxKh8T43gLjMn5PbEVfQw.png,4WPTQA,7,10,"(-$3,200.0)",-17.96 Sol,https://t.me/OuraEmergencyCalls,https://x.com/Oura456
7,LJC,6HJetMbdHBuk3mLUainxAPpBpWzDgYbHGTS2TqDAUSX2,https://cdn.kolscan.io/profiles/6HJetMbdHBuk3mLUainxAPpBpWzDgYbHGTS2TqDAUSX2.png,6HJetM,158,321,"(-$3,374.9)",-18.94 Sol,https://t.me/LJCcabals,https://x.com/OnlyLJC
7,Gh0stee,2kv8X2a9bxnBM8NKLc6BBTX2z13GFNRL4oRotMUJRva9,https://cdn.kolscan.io/profiles/2kv8X2a9bxnBM8NKLc6BBTX2z13GFNRL4oRotMUJRva9.png,2kv8X2,1,4,"(-$3,376.8)",-18.95 Sol,,https://x.com/4GH0STEE
7,Dali,CvNiezB8hofusHCKqu8irJ6t2FKY7VjzpSckofMzk5mB,https://cdn.kolscan.io/profiles/CvNiezB8hofusHCKqu8irJ6t2FKY7VjzpSckofMzk5mB.png,CvNiez,37,65,"(-$3,395.8)",-19.06 Sol,,https://x.com/SolanaDali
7,Joji,525LueqAyZJueCoiisfWy6nyh4MTvmF4X9jSqi6efXJT,https://cdn.kolscan.io/profiles/525LueqAyZJueCoiisfWy6nyh4MTvmF4X9jSqi6efXJT.png,525Lue,12,41,"(-$3,636.8)",-20.41 Sol,https://t.me/jojiinnercircle,https://x.com/metaversejoji
7,Absol,BXNiM7pqt9Ld3b2Hc8iT3mA5bSwoe9CRrtkSUs15SLWN,https://cdn.kolscan.io/profiles/BXNiM7pqt9Ld3b2Hc8iT3mA5bSwoe9CRrtkSUs15SLWN.png,BXNiM7,68,163,"(-$4,135.5)",-23.21 Sol,https://t.me/absolcalls,https://x.com/absolquant
7,Trey,831yhv67QpKqLBJjbmw2xoDUeeFHGUx8RnuRj9imeoEs,https://cdn.kolscan.io/profiles/831yhv67QpKqLBJjbmw2xoDUeeFHGUx8RnuRj9imeoEs.png,831yhv,65,129,"(-$4,414.1)",-24.77 Sol,https://t.me/treystele,https://x.com/treysocial
7,Roxo,AE3tJDEyUdwBM8ZoUb3iCo563gMbq26JtckfvjcVZbSa,https://cdn.kolscan.io/profiles/AE3tJDEyUdwBM8ZoUb3iCo563gMbq26JtckfvjcVZbSa.png,AE3tJD,6,8,"(-$4,619.9)",-25.93 Sol,,https://x.com/ignRoxo
7,Sweep,GP9PyTwGybX3q3tC5dMRKeuq8Dr15uPVvn3Z9fKbempH,https://cdn.kolscan.io/profiles/GP9PyTwGybX3q3tC5dMRKeuq8Dr15uPVvn3Z9fKbempH.png,GP9PyT,1,1,"(-$5,059.3)",-28.39 Sol,https://t.me/jsdao,https://x.com/0xSweep
7,Eric Cryptoman,EgnY4zmqXuaqodCLW366jjd2ecki6pvmMF74MkSxMFQW,https://cdn.kolscan.io/profiles/EgnY4zmqXuaqodCLW366jjd2ecki6pvmMF74MkSxMFQW.png,EgnY4z,0,1,"(-$5,683.0)",-31.89 Sol,https://t.me/Erics_Calls,https://x.com/EricCryptoman
7,Red,7ABz8qEFZTHPkovMDsmQkm64DZWN5wRtU7LEtD2ShkQ6,https://cdn.kolscan.io/profiles/7ABz8qEFZTHPkovMDsmQkm64DZWN5wRtU7LEtD2ShkQ6.png,7ABz8q,104,203,"(-$5,916.0)",-33.20 Sol,https://t.me/yvlred,https://x.com/redwithbag
7,Profitier,Ci8HDz2LgqVeWiEasyb12EkUUcXum3CQbPLwExDBJiLu,https://cdn.kolscan.io/profiles/Ci8HDz2LgqVeWiEasyb12EkUUcXum3CQbPLwExDBJiLu.png,Ci8HDz,1,4,"(-$6,383.7)",-35.82 Sol,,https://x.com/profitierr
7,Key,4Bdn33fA7LLZQuuXuFLSxtPWGAUnMBcreQHfh9MXuixe,https://cdn.kolscan.io/profiles/4Bdn33fA7LLZQuuXuFLSxtPWGAUnMBcreQHfh9MXuixe.png,4Bdn33,19,59,"(-$7,338.4)",-41.18 Sol,,https://x.com/w3b3k3y
7,Yenni,5B52w1ZW9tuwUduueP5J7HXz5AcGfruGoX6YoAudvyxG,https://cdn.kolscan.io/profiles/5B52w1ZW9tuwUduueP5J7HXz5AcGfruGoX6YoAudvyxG.png,5B52w1,2,6,"(-$7,400.9)",-41.53 Sol,,https://x.com/Yennii56
7,Brox,7VBTpiiEjkwRbRGHJFUz6o5fWuhPFtAmy8JGhNqwHNnn,https://cdn.kolscan.io/profiles/7VBTpiiEjkwRbRGHJFUz6o5fWuhPFtAmy8JGhNqwHNnn.png,7VBTpi,2,5,"(-$7,702.9)",-43.23 Sol,https://t.me/broxcalls,https://x.com/ohbrox
7,Gorilla Capital,DpNVrtA3ERfKzX4F8Pi2CVykdJJjoNxyY5QgoytAwD26,https://cdn.kolscan.io/profiles/DpNVrtA3ERfKzX4F8Pi2CVykdJJjoNxyY5QgoytAwD26.png,DpNVrt,42,95,"(-$7,849.9)",-44.05 Sol,https://t.me/gorillacapitalcooks,https://x.com/gorillacapsol
7,Earl,F2SuErm4MviWJ2HzKXk2nuzBC6xe883CFWUDCPz6cyWm,https://cdn.kolscan.io/profiles/F2SuErm4MviWJ2HzKXk2nuzBC6xe883CFWUDCPz6cyWm.png,F2SuEr,114,231,"(-$9,038.1)",-50.72 Sol,,https://x.com/earlTrades
7,Zinc,EBjXstFQBBnXVFEXouqGfUxQFmaEHu6KFbxrZQkGbjru,https://cdn.kolscan.io/profiles/EBjXstFQBBnXVFEXouqGfUxQFmaEHu6KFbxrZQkGbjru.png,EBjXst,4,12,"(-$10,261.9)",-57.59 Sol,https://t.me/zincalpha,https://x.com/zinceth
7,jitter,7PuHVAKDZ96s9P5FAt2eEdE8EYKxy9iUhvaLaMFqfCyj,https://cdn.kolscan.io/profiles/7PuHVAKDZ96s9P5FAt2eEdE8EYKxy9iUhvaLaMFqfCyj.png,7PuHVA,23,48,"(-$10,416.5)",-58.46 Sol,,https://x.com/jitterxyz
7,Leens,7iabBMwmSvS4CFPcjW2XYZY53bUCHzXjCFEFhxeYP4CY,https://cdn.kolscan.io/profiles/7iabBMwmSvS4CFPcjW2XYZY53bUCHzXjCFEFhxeYP4CY.png,7iabBM,22,64,"(-$13,202.8)",-74.09 Sol,https://t.me/leenscooks,https://x.com/leensx100
7,Otta,As7HjL7dzzvbRbaD3WCun47robib2kmAKRXMvjHkSMB5,https://cdn.kolscan.io/profiles/As7HjL7dzzvbRbaD3WCun47robib2kmAKRXMvjHkSMB5.png,As7HjL,62,164,"(-$13,308.7)",-74.69 Sol,https://t.me/ottabag,https://x.com/ottabag
7,unprofitable,DYmsQudNqJyyDvq86XmzAvrU9T7xwfQEwh6gPQw9TPNF,https://cdn.kolscan.io/profiles/DYmsQudNqJyyDvq86XmzAvrU9T7xwfQEwh6gPQw9TPNF.png,DYmsQu,48,92,"(-$14,371.9)",-80.65 Sol,,https://x.com/exitliquid1ty
7,pullup,65paNEG8m7mCVoASVF2KbRdU21aKXdASSB9G3NjCSQuE,https://cdn.kolscan.io/profiles/65paNEG8m7mCVoASVF2KbRdU21aKXdASSB9G3NjCSQuE.png,65paNE,72,242,"(-$15,420.6)",-86.54 Sol,,https://x.com/pullupso
7,Nach,9jyqFiLnruggwNn4EQwBNFXwpbLM9hrA4hV59ytyAVVz,https://cdn.kolscan.io/profiles/9jyqFiLnruggwNn4EQwBNFXwpbLM9hrA4hV59ytyAVVz.png,9jyqFi,20,53,"(-$16,170.4)",-90.75 Sol,https://t.me/NarrativeNach,https://x.com/NachSOL
7,gr3g,J23qr98GjGJJqKq9CBEnyRhHbmkaVxtTJNNxKu597wsA,https://cdn.kolscan.io/profiles/J23qr98GjGJJqKq9CBEnyRhHbmkaVxtTJNNxKu597wsA.png,J23qr9,45,27,"(-$17,916.0)",-100.54 Sol,,https://x.com/gr3gor14n
7,Saif,BuhkHhM3j4viF71pMTd23ywxPhF35LUnc2QCLAvUxCdW,https://cdn.kolscan.io/profiles/BuhkHhM3j4viF71pMTd23ywxPhF35LUnc2QCLAvUxCdW.png,BuhkHh,37,105,"(-$20,121.4)",-112.92 Sol,,https://x.com/degensaif
7,Sue,AXwssg5NjQodKofcLV6ypJL4R5usvysYt9q7YVwjEgAH,https://cdn.kolscan.io/profiles/AXwssg5NjQodKofcLV6ypJL4R5usvysYt9q7YVwjEgAH.png,AXwssg,99,244,"(-$22,011.2)",-123.52 Sol,https://t.me/sue_degenjournal,https://x.com/sue_xbt
7,ïṿ,4dfJdwntJqhArbBPudMMSzgt1MbKY7aNKsnF5KCkWaCo,https://cdn.kolscan.io/profiles/4dfJdwntJqhArbBPudMMSzgt1MbKY7aNKsnF5KCkWaCo.png,4dfJdw,4,11,"(-$23,340.6)",-130.99 Sol,,https://x.com/ivolxbt
7,Pain,J6TDXvarvpBdPXTaTU8eJbtso1PUCYKGkVtMKUUY8iEa,https://cdn.kolscan.io/profiles/J6TDXvarvpBdPXTaTU8eJbtso1PUCYKGkVtMKUUY8iEa.png,J6TDXv,25,46,"(-$24,046.6)",-134.95 Sol,https://t.me/PainCrypto69,https://x.com/PainCrypt0
7,Jidn,3h65MmPZksoKKyEpEjnWU2Yk2iYT5oZDNitGy5cTaxoE,https://cdn.kolscan.io/profiles/3h65MmPZksoKKyEpEjnWU2Yk2iYT5oZDNitGy5cTaxoE.png,3h65Mm,163,294,"(-$32,814.6)",-184.15 Sol,https://t.me/JidnLosesMoney,https://x.com/jidn_w
7,Nyhrox,87MZqjjJgpuFvaU8GyQJKbZGnCFFhX82qAjBGLRXPfcn,https://cdn.kolscan.io/profiles/87MZqjjJgpuFvaU8GyQJKbZGnCFFhX82qAjBGLRXPfcn.png,87MZqj,147,275,"(-$43,004.1)",-241.33 Sol,,https://x.com/nyhrox
7,Ferb,m7Kaas3Kd8FHLnCioSjCoSuVDReZ6FDNBVM6HTNYuF7,https://cdn.kolscan.io/profiles/m7Kaas3Kd8FHLnCioSjCoSuVDReZ6FDNBVM6HTNYuF7.png,m7Kaas,26,53,"(-$45,179.9)",-253.55 Sol,,https://x.com/ferbsol
7,Loopierr,9yYya3F5EJoLnBNKW6z4bZvyQytMXzDcpU5D6yYr4jqL,https://cdn.kolscan.io/profiles/9yYya3F5EJoLnBNKW6z4bZvyQytMXzDcpU5D6yYr4jqL.png,9yYya3,49,95,"(-$45,340.0)",-254.44 Sol,https://t.me/loopierrsjourney,https://x.com/Loopierr
7,Sloppy,86AEJExyjeNNgcp7GrAvCXTDicf5aGWgoERbXFiG1EdD,https://cdn.kolscan.io/profiles/86AEJExyjeNNgcp7GrAvCXTDicf5aGWgoERbXFiG1EdD.png,86AEJE,85,187,"(-$54,639.4)",-306.63 Sol,,https://x.com/SloppyStreamz
7,Dex,mW4PZB45isHmnjGkLpJvjKBzVS5NXzTJ8UDyug4gTsM,https://cdn.kolscan.io/profiles/mW4PZB45isHmnjGkLpJvjKBzVS5NXzTJ8UDyug4gTsM.png,mW4PZB,93,170,"(-$55,649.3)",-312.30 Sol,,https://x.com/igndex
7,Ansem,AVAZvHLR2PcWpDf8BXY4rVxNHYRBytycHkcB5z5QNXYm,https://cdn.kolscan.io/profiles/AVAZvHLR2PcWpDf8BXY4rVxNHYRBytycHkcB5z5QNXYm.png,AVAZvH,1,6,"(-$121,652.7)",-682.70 Sol,,https://x.com/blknoiz06
30,Gake,DNfuF1L62WWyW3pNakVkyGGFzVVhj4Yr52jSmdTyeBHm,https://cdn.kolscan.io/profiles/DNfuF1L62WWyW3pNakVkyGGFzVVhj4Yr52jSmdTyeBHm.png,DNfuF1,30,4,"($658,873.4)","+3,697.53 Sol",https://t.me/GakesBakes,https://x.com/Ga__ke
30,gr3g,J23qr98GjGJJqKq9CBEnyRhHbmkaVxtTJNNxKu597wsA,https://cdn.kolscan.io/profiles/J23qr98GjGJJqKq9CBEnyRhHbmkaVxtTJNNxKu597wsA.png,J23qr9,134,157,"($530,088.0)","+2,974.80 Sol",,https://x.com/gr3gor14n
30,dv,BCagckXeMChUKrHEd6fKFA1uiWDtcmCXMsqaheLiUPJd,https://cdn.kolscan.io/profiles/BCagckXeMChUKrHEd6fKFA1uiWDtcmCXMsqaheLiUPJd.png,BCagck,2820,3231,"($445,005.8)","+2,497.33 Sol",,https://x.com/vibed333
30,ïṿ,4dfJdwntJqhArbBPudMMSzgt1MbKY7aNKsnF5KCkWaCo,https://cdn.kolscan.io/profiles/4dfJdwntJqhArbBPudMMSzgt1MbKY7aNKsnF5KCkWaCo.png,4dfJdw,35,53,"($441,715.3)","+2,478.86 Sol",,https://x.com/ivolxbt
30,cxltures,3ZtwP8peTwTfLUF1rgUQgUxwyeHCxfmoELXghQzKqnAJ,https://cdn.kolscan.io/profiles/3ZtwP8peTwTfLUF1rgUQgUxwyeHCxfmoELXghQzKqnAJ.png,3ZtwP8,1794,2722,"($372,387.7)","+2,089.80 Sol",,https://x.com/cxlturesvz
30,Jijo,4BdKaxN8G6ka4GYtQQWk4G4dZRUTX2vQH9GcXdBREFUk,https://cdn.kolscan.io/profiles/4BdKaxN8G6ka4GYtQQWk4G4dZRUTX2vQH9GcXdBREFUk.png,4BdKax,532,198,"($289,535.4)","+1,624.84 Sol",https://t.me/jijosjournal,https://x.com/jijo_exe
30,ozark,DZAa55HwXgv5hStwaTEJGXZz1DhHejvpb7Yr762urXam,https://cdn.kolscan.io/profiles/DZAa55HwXgv5hStwaTEJGXZz1DhHejvpb7Yr762urXam.png,DZAa55,585,563,"($280,547.6)","+1,574.40 Sol",,https://x.com/ohzarke
30,Heyitsyolo,Av3xWHJ5EsoLZag6pr7LKbrGgLRTaykXomDD5kBhL9YQ,https://cdn.kolscan.io/profiles/Av3xWHJ5EsoLZag6pr7LKbrGgLRTaykXomDD5kBhL9YQ.png,Av3xWH,1373,970,"($277,528.9)","+1,557.46 Sol",,https://x.com/Heyitsyolotv
30,theo,Bi4rd5FH5bYEN8scZ7wevxNZyNmKHdaBcvewdPFxYdLt,https://cdn.kolscan.io/profiles/Bi4rd5FH5bYEN8scZ7wevxNZyNmKHdaBcvewdPFxYdLt.png,Bi4rd5,1349,2316,"($254,916.9)","+1,430.57 Sol",,https://x.com/theonomix
30,Kadenox,3pZ59YENxDAcjaKa3sahZJBcgER4rGYi4v6BpPurmsGj,https://cdn.kolscan.io/profiles/3pZ59YENxDAcjaKa3sahZJBcgER4rGYi4v6BpPurmsGj.png,3pZ59Y,1050,991,"($241,080.6)","+1,352.92 Sol",,https://x.com/kadenox
30,Smokez,5t9xBNuDdGTGpjaPTx6hKd7sdRJbvtKS8Mhq6qVbo8Qz,https://cdn.kolscan.io/profiles/5t9xBNuDdGTGpjaPTx6hKd7sdRJbvtKS8Mhq6qVbo8Qz.png,5t9xBN,152,130,"($204,790.9)","+1,149.27 Sol",,https://x.com/SmokezXBT
30,Sloppy,86AEJExyjeNNgcp7GrAvCXTDicf5aGWgoERbXFiG1EdD,https://cdn.kolscan.io/profiles/86AEJExyjeNNgcp7GrAvCXTDicf5aGWgoERbXFiG1EdD.png,86AEJE,887,1400,"($194,062.9)","+1,089.06 Sol",,https://x.com/SloppyStreamz
30,dean bulla,J6p2MS1gjygk9Hod8vKUEfcuWqMwfAwqFJyJX7UC8p6b,https://cdn.kolscan.io/profiles/J6p2MS1gjygk9Hod8vKUEfcuWqMwfAwqFJyJX7UC8p6b.png,J6p2MS,17,3,"($189,220.5)","+1,061.89 Sol",,https://x.com/deanbulla
30,Danny,9FNz4MjPUmnJqTf6yEDbL1D4SsHVh7uA8zRHhR5K138r,https://cdn.kolscan.io/profiles/9FNz4MjPUmnJqTf6yEDbL1D4SsHVh7uA8zRHhR5K138r.png,9FNz4M,749,886,"($175,430.6)",+984.50 Sol,,https://x.com/0xSevere
30,Hail,HA1L7GhQfypSRdfBi3tCkkCVEdEcBVYqBSQCENCrwPuB,https://cdn.kolscan.io/profiles/HA1L7GhQfypSRdfBi3tCkkCVEdEcBVYqBSQCENCrwPuB.png,HA1L7G,362,306,"($169,017.0)",+948.51 Sol,,https://x.com/ignHail
30,Sebastian,3BLjRcxWGtR7WRshJ3hL25U3RjWr5Ud98wMcczQqk4Ei,https://cdn.kolscan.io/profiles/3BLjRcxWGtR7WRshJ3hL25U3RjWr5Ud98wMcczQqk4Ei.png,3BLjRc,1010,1913,"($145,663.5)",+817.45 Sol,,https://x.com/Saint_pablo123
30,aloh,xXpRSpAe1ajq4tJP78tS3X1AqNwJVQ4Vvb1Swg4hHQh,https://cdn.kolscan.io/profiles/xXpRSpAe1ajq4tJP78tS3X1AqNwJVQ4Vvb1Swg4hHQh.png,xXpRSp,1042,1732,"($143,828.4)",+807.15 Sol,https://t.me/alohcooks,https://x.com/alohquant
30,Bastille,3kebnKw7cPdSkLRfiMEALyZJGZ4wdiSRvmoN4rD1yPzV,https://cdn.kolscan.io/profiles/3kebnKw7cPdSkLRfiMEALyZJGZ4wdiSRvmoN4rD1yPzV.png,3kebnK,860,838,"($142,096.2)",+797.43 Sol,,https://x.com/BastilleBtc
30,pullup,65paNEG8m7mCVoASVF2KbRdU21aKXdASSB9G3NjCSQuE,https://cdn.kolscan.io/profiles/65paNEG8m7mCVoASVF2KbRdU21aKXdASSB9G3NjCSQuE.png,65paNE,580,1333,"($127,909.1)",+717.81 Sol,,https://x.com/pullupso
30,evening,E7gozEiAPNhpJsdS52amhhN2XCAqLZa7WPrhyR6C8o4S,https://cdn.kolscan.io/profiles/E7gozEiAPNhpJsdS52amhhN2XCAqLZa7WPrhyR6C8o4S.png,E7gozE,36,43,"($112,412.8)",+630.85 Sol,,https://x.com/eveningbtc
30,big bags bobby,8oQoMhfBQnRspn7QtNAq2aPThRE4q94kLSTwaaFQvRgs,https://cdn.kolscan.io/profiles/8oQoMhfBQnRspn7QtNAq2aPThRE4q94kLSTwaaFQvRgs.png,8oQoMh,122,90,"($106,426.6)",+597.26 Sol,,https://x.com/bigbagsbobby
30,Scooter,9NL6thsiaoyDnm7XF8hEbMoqeG172WmG7iKYpygvjfgo,https://cdn.kolscan.io/profiles/9NL6thsiaoyDnm7XF8hEbMoqeG172WmG7iKYpygvjfgo.png,9NL6th,3,5,"($104,688.3)",+587.50 Sol,,https://x.com/imperooterxbt
30,Orange,96sErVjEN7LNJ6Uvj63bdRWZxNuBngj56fnT9biHLKBf,https://cdn.kolscan.io/profiles/96sErVjEN7LNJ6Uvj63bdRWZxNuBngj56fnT9biHLKBf.png,96sErV,192,266,"($103,827.8)",+582.67 Sol,,https://x.com/OrangeSBS
30,Al4n,2YJbcB9G8wePrpVBcT31o8JEed6L3abgyCjt5qkJMymV,https://cdn.kolscan.io/profiles/2YJbcB9G8wePrpVBcT31o8JEed6L3abgyCjt5qkJMymV.png,2YJbcB,1273,1567,"($100,917.1)",+566.34 Sol,,https://x.com/Al4neu
30,Dali,CvNiezB8hofusHCKqu8irJ6t2FKY7VjzpSckofMzk5mB,https://cdn.kolscan.io/profiles/CvNiezB8hofusHCKqu8irJ6t2FKY7VjzpSckofMzk5mB.png,CvNiez,318,548,"($100,396.2)",+563.41 Sol,,https://x.com/SolanaDali
30,West,JDd3hy3gQn2V982mi1zqhNqUw1GfV2UL6g76STojCJPN,https://cdn.kolscan.io/profiles/JDd3hy3gQn2V982mi1zqhNqUw1GfV2UL6g76STojCJPN.png,JDd3hy,1011,1302,"($92,803.0)",+520.80 Sol,,https://x.com/ratwizardx
30,Latuche,GJA1HEbxGnqBhBifH9uQauzXSB53to5rhDrzmKxhSU65,https://cdn.kolscan.io/profiles/GJA1HEbxGnqBhBifH9uQauzXSB53to5rhDrzmKxhSU65.png,GJA1HE,274,399,"($91,848.4)",+515.44 Sol,,https://x.com/Latuche95
30,Mr. Frog,4DdrfiDHpmx55i4SPssxVzS9ZaKLb8qr45NKY9Er9nNh,https://cdn.kolscan.io/profiles/4DdrfiDHpmx55i4SPssxVzS9ZaKLb8qr45NKY9Er9nNh.png,4Ddrfi,400,94,"($90,356.6)",+507.07 Sol,,https://x.com/TheMisterFrog
30,TIL,EHg5YkU2SZBTvuT87rUsvxArGp3HLeye1fXaSDfuMyaf,https://cdn.kolscan.io/profiles/EHg5YkU2SZBTvuT87rUsvxArGp3HLeye1fXaSDfuMyaf.png,EHg5Yk,356,732,"($85,243.7)",+478.38 Sol,,https://x.com/tilcrypto
30,Ferb,m7Kaas3Kd8FHLnCioSjCoSuVDReZ6FDNBVM6HTNYuF7,https://cdn.kolscan.io/profiles/m7Kaas3Kd8FHLnCioSjCoSuVDReZ6FDNBVM6HTNYuF7.png,m7Kaas,144,244,"($83,929.3)",+471.00 Sol,,https://x.com/ferbsol
30,Fashr,719sfKUjiMThumTt2u39VMGn612BZyCcwbM5Pe8SqFYz,https://cdn.kolscan.io/profiles/719sfKUjiMThumTt2u39VMGn612BZyCcwbM5Pe8SqFYz.png,719sfK,596,915,"($76,924.8)",+431.69 Sol,,https://x.com/FASHRCrypto
30,Classic,DsqRyTUh1R37asYcVf1KdX4CNnz5DKEFmnXvgT4NfTPE,https://cdn.kolscan.io/profiles/DsqRyTUh1R37asYcVf1KdX4CNnz5DKEFmnXvgT4NfTPE.png,DsqRyT,620,692,"($75,935.9)",+426.14 Sol,https://t.me/mrclassiccalls,https://x.com/simplyclassic69
30,Absol,BXNiM7pqt9Ld3b2Hc8iT3mA5bSwoe9CRrtkSUs15SLWN,https://cdn.kolscan.io/profiles/BXNiM7pqt9Ld3b2Hc8iT3mA5bSwoe9CRrtkSUs15SLWN.png,BXNiM7,388,813,"($71,246.5)",+399.83 Sol,https://t.me/absolcalls,https://x.com/absolquant
30,Mezoteric,EdDCRfDDeiiDXdntrP59abH4DXHFNU48zpMPYisDMjA7,https://cdn.kolscan.io/profiles/EdDCRfDDeiiDXdntrP59abH4DXHFNU48zpMPYisDMjA7.png,EdDCRf,10,10,"($66,812.3)",+374.94 Sol,,https://x.com/mezoteric
30,xander,B3wagQZiZU2hKa5pUCj6rrdhWsX3Q6WfTTnki9PjwzMh,https://cdn.kolscan.io/profiles/B3wagQZiZU2hKa5pUCj6rrdhWsX3Q6WfTTnki9PjwzMh.png,B3wagQ,304,605,"($64,437.0)",+361.61 Sol,https://t.me/xanderstrenches,https://x.com/xandereef
30,Beaver,GM7Hrz2bDq33ezMtL6KGidSWZXMWgZ6qBuugkb5H8NvN,https://cdn.kolscan.io/profiles/GM7Hrz2bDq33ezMtL6KGidSWZXMWgZ6qBuugkb5H8NvN.png,GM7Hrz,56,68,"($62,200.8)",+349.06 Sol,,https://x.com/beaverd
30,LJC,6HJetMbdHBuk3mLUainxAPpBpWzDgYbHGTS2TqDAUSX2,https://cdn.kolscan.io/profiles/6HJetMbdHBuk3mLUainxAPpBpWzDgYbHGTS2TqDAUSX2.png,6HJetM,526,880,"($61,883.4)",+347.28 Sol,https://t.me/LJCcabals,https://x.com/OnlyLJC
30,dingaling,9X5n5i1mugTjgGPhqf1KJDt8r4kD8TF3s62ttbxKzFHa,https://cdn.kolscan.io/profiles/9X5n5i1mugTjgGPhqf1KJDt8r4kD8TF3s62ttbxKzFHa.png,9X5n5i,1,2,"($60,351.9)",+338.69 Sol,,https://x.com/dingalingts
30,Joji,525LueqAyZJueCoiisfWy6nyh4MTvmF4X9jSqi6efXJT,https://cdn.kolscan.io/profiles/525LueqAyZJueCoiisfWy6nyh4MTvmF4X9jSqi6efXJT.png,525Lue,75,195,"($54,818.2)",+307.63 Sol,https://t.me/jojiinnercircle,https://x.com/metaversejoji
30,Insentos,7SDs3PjT2mswKQ7Zo4FTucn9gJdtuW4jaacPA65BseHS,https://cdn.kolscan.io/profiles/7SDs3PjT2mswKQ7Zo4FTucn9gJdtuW4jaacPA65BseHS.png,7SDs3P,116,85,"($51,837.4)",+290.91 Sol,https://t.me/insentos,https://x.com/insentos
30,Saif,BuhkHhM3j4viF71pMTd23ywxPhF35LUnc2QCLAvUxCdW,https://cdn.kolscan.io/profiles/BuhkHhM3j4viF71pMTd23ywxPhF35LUnc2QCLAvUxCdW.png,BuhkHh,206,367,"($50,758.6)",+284.85 Sol,,https://x.com/degensaif
30,Mitch,4Be9CvxqHW6BYiRAxW9Q3xu1ycTMWaL5z8NX4HR3ha7t,https://cdn.kolscan.io/profiles/4Be9CvxqHW6BYiRAxW9Q3xu1ycTMWaL5z8NX4HR3ha7t.png,4Be9Cv,5,4,"($43,806.1)",+245.84 Sol,https://t.me/whimsicalclown,https://x.com/idrawline
30,The Doc,DYAn4XpAkN5mhiXkRB7dGq4Jadnx6XYgu8L5b3WGhbrt,https://cdn.kolscan.io/profiles/DYAn4XpAkN5mhiXkRB7dGq4Jadnx6XYgu8L5b3WGhbrt.png,DYAn4X,168,171,"($42,339.1)",+237.60 Sol,,https://x.com/KayTheDoc
30,Rev,EgzjRCbcdRiPc1bW52tcvGDnKDbQWCzQbUhDBszD2BZm,https://cdn.kolscan.io/profiles/EgzjRCbcdRiPc1bW52tcvGDnKDbQWCzQbUhDBszD2BZm.png,EgzjRC,65,92,"($31,446.4)",+176.47 Sol,,https://x.com/solrevv
30,Henn100x,FRbUNvGxYNC1eFngpn7AD3f14aKKTJVC6zSMtvj2dyCS,https://cdn.kolscan.io/profiles/FRbUNvGxYNC1eFngpn7AD3f14aKKTJVC6zSMtvj2dyCS.png,FRbUNv,953,1689,"($29,134.6)",+163.50 Sol,,https://x.com/henn100x
30,Leens,7iabBMwmSvS4CFPcjW2XYZY53bUCHzXjCFEFhxeYP4CY,https://cdn.kolscan.io/profiles/7iabBMwmSvS4CFPcjW2XYZY53bUCHzXjCFEFhxeYP4CY.png,7iabBM,609,945,"($27,045.7)",+151.78 Sol,https://t.me/leenscooks,https://x.com/leensx100
30,MoneyMaykah,3i8akM4xfSX9WKFB5bQ61fmiYkeKQEFqvdMEyu6pSEk9,https://cdn.kolscan.io/profiles/3i8akM4xfSX9WKFB5bQ61fmiYkeKQEFqvdMEyu6pSEk9.png,3i8akM,364,537,"($25,999.2)",+145.90 Sol,,https://x.com/moneymaykah_
30,Idontpaytaxes,2T5NgDDidkvhJQg8AHDi74uCFwgp25pYFMRZXBaCUNBH,https://cdn.kolscan.io/profiles/2T5NgDDidkvhJQg8AHDi74uCFwgp25pYFMRZXBaCUNBH.png,2T5NgD,192,193,"($20,445.9)",+114.74 Sol,,https://x.com/untaxxable
30,404Flipped,AbcX4XBm7DJ3i9p29i6sU8WLmiW4FWY5tiwB9D6UBbcE,https://cdn.kolscan.io/profiles/AbcX4XBm7DJ3i9p29i6sU8WLmiW4FWY5tiwB9D6UBbcE.png,AbcX4X,3,1,"($19,566.5)",+109.81 Sol,,https://x.com/404flipped
30,dust,FzVQSzj8JJr6WMGqbUHzx2XH1KkrfxRrRPv6WcbbZmND,https://cdn.kolscan.io/profiles/FzVQSzj8JJr6WMGqbUHzx2XH1KkrfxRrRPv6WcbbZmND.png,FzVQSz,522,988,"($18,801.5)",+105.51 Sol,https://t.me/dustsdungeon,https://x.com/dustxbt
30,Groovy,34ZEH778zL8ctkLwxxERLX5ZnUu6MuFyX9CWrs8kucMw,https://cdn.kolscan.io/profiles/34ZEH778zL8ctkLwxxERLX5ZnUu6MuFyX9CWrs8kucMw.png,34ZEH7,460,322,"($17,761.9)",+99.68 Sol,,https://x.com/0xGroovy
30,Roxo,AE3tJDEyUdwBM8ZoUb3iCo563gMbq26JtckfvjcVZbSa,https://cdn.kolscan.io/profiles/AE3tJDEyUdwBM8ZoUb3iCo563gMbq26JtckfvjcVZbSa.png,AE3tJD,54,97,"($17,480.7)",+98.10 Sol,,https://x.com/ignRoxo
30,Insyder,G3g1CKqKWSVEVURZDNMazDBv7YAhMNTjhJBVRTiKZygk,https://cdn.kolscan.io/profiles/G3g1CKqKWSVEVURZDNMazDBv7YAhMNTjhJBVRTiKZygk.png,G3g1CK,393,562,"($17,400.8)",+97.65 Sol,,https://x.com/insydercrypto
30,goob,9BkauJdFYUyBkNBZwV4mNNyfeVKhHvjULb7cL4gFQaLt,https://cdn.kolscan.io/profiles/9BkauJdFYUyBkNBZwV4mNNyfeVKhHvjULb7cL4gFQaLt.png,9BkauJ,173,143,"($17,162.5)",+96.31 Sol,https://t.me/goobscall,https://x.com/ifullclipp
30,Lynk,DrHszsqMAMuBrgRJ3XG7ZutDfEETHFW6W7vxA1vSQ2Ub,https://cdn.kolscan.io/profiles/DrHszsqMAMuBrgRJ3XG7ZutDfEETHFW6W7vxA1vSQ2Ub.png,DrHszs,110,156,"($14,650.8)",+82.22 Sol,https://t.me/lynkscabal,https://x.com/lynk0x
30,Ethan Prosper,sAdNbe1cKNMDqDsa4npB3TfL62T14uAo2MsUQfLvzLT,https://cdn.kolscan.io/profiles/sAdNbe1cKNMDqDsa4npB3TfL62T14uAo2MsUQfLvzLT.png,sAdNbe,267,412,"($13,874.5)",+77.86 Sol,,https://x.com/pr6spr
30,YOUNIZ,EKDDjxzJ39Bjkr47NiARGJDKFVxiiV9WNJ5XbtEhPEXP,https://cdn.kolscan.io/profiles/EKDDjxzJ39Bjkr47NiARGJDKFVxiiV9WNJ5XbtEhPEXP.png,EKDDjx,262,434,"($11,610.8)",+65.16 Sol,,https://x.com/YOUNIZ_XLZ
30,Carti The Menace,3mPypxb7ViYEdLv4siFmESvY5w5ZKknwgmB4TPcZ77qe,https://cdn.kolscan.io/profiles/3mPypxb7ViYEdLv4siFmESvY5w5ZKknwgmB4TPcZ77qe.png,3mPypx,83,54,"($11,065.6)",+62.10 Sol,,https://x.com/CartiTheMenace
30,Loopierr,9yYya3F5EJoLnBNKW6z4bZvyQytMXzDcpU5D6yYr4jqL,https://cdn.kolscan.io/profiles/9yYya3F5EJoLnBNKW6z4bZvyQytMXzDcpU5D6yYr4jqL.png,9yYya3,353,480,"($10,739.0)",+60.27 Sol,https://t.me/loopierrsjourney,https://x.com/Loopierr
30,Robo,Gv7CnRo2L2SJ583XEfoKHKbmWK3wNoBDxVoJqMKJR4Nu,https://cdn.kolscan.io/profiles/Gv7CnRo2L2SJ583XEfoKHKbmWK3wNoBDxVoJqMKJR4Nu.png,Gv7CnR,102,70,"($10,573.0)",+59.33 Sol,https://t.me/robogems,https://x.com/roboPBOC
30,Jazz,Ds8mcuP5r2phg596mLui3ti3PJtVvFRw19Eo9UFdJ5Bc,https://cdn.kolscan.io/profiles/Ds8mcuP5r2phg596mLui3ti3PJtVvFRw19Eo9UFdJ5Bc.png,Ds8mcu,59,130,"($10,324.8)",+57.94 Sol,,https://x.com/youngjazzeth
30,Key,4Bdn33fA7LLZQuuXuFLSxtPWGAUnMBcreQHfh9MXuixe,https://cdn.kolscan.io/profiles/4Bdn33fA7LLZQuuXuFLSxtPWGAUnMBcreQHfh9MXuixe.png,4Bdn33,145,401,"($9,707.8)",+54.48 Sol,,https://x.com/w3b3k3y
30,decu,4vw54BmAogeRV3vPKWyFet5yf8DTLcREzdSzx4rw9Ud9,https://cdn.kolscan.io/profiles/4vw54BmAogeRV3vPKWyFet5yf8DTLcREzdSzx4rw9Ud9.png,4vw54B,53,110,"($9,538.6)",+53.53 Sol,https://t.me/DecusCalls,https://x.com/notdecu
30,el charto,CCUcjek5p6DLoH2YNtjizxYhAnStXAQAGVxhp1cYJF7w,https://cdn.kolscan.io/profiles/CCUcjek5p6DLoH2YNtjizxYhAnStXAQAGVxhp1cYJF7w.png,CCUcje,341,297,"($8,422.2)",+47.26 Sol,https://t.me/ChartoCartel,https://x.com/elchartox
30,Otta,As7HjL7dzzvbRbaD3WCun47robib2kmAKRXMvjHkSMB5,https://cdn.kolscan.io/profiles/As7HjL7dzzvbRbaD3WCun47robib2kmAKRXMvjHkSMB5.png,As7HjL,455,1085,"($8,344.1)",+46.83 Sol,https://t.me/ottabag,https://x.com/ottabag
30,Dan176,J2B5fnm2DAAUAGa4EaegwQFoYaN6B5FerGA5sjtQoaGM,https://cdn.kolscan.io/profiles/J2B5fnm2DAAUAGa4EaegwQFoYaN6B5FerGA5sjtQoaGM.png,J2B5fn,55,89,"($8,268.3)",+46.40 Sol,https://t.me/DansCall,https://x.com/176Dan
30,unprofitable,DYmsQudNqJyyDvq86XmzAvrU9T7xwfQEwh6gPQw9TPNF,https://cdn.kolscan.io/profiles/DYmsQudNqJyyDvq86XmzAvrU9T7xwfQEwh6gPQw9TPNF.png,DYmsQu,169,317,"($8,208.2)",+46.06 Sol,,https://x.com/exitliquid1ty
30,Value & Time,3nvC8cSrEBqFEXZjUpKfwZMPk7xYdqcnoxmFBjXiizVX,https://cdn.kolscan.io/profiles/3nvC8cSrEBqFEXZjUpKfwZMPk7xYdqcnoxmFBjXiizVX.png,3nvC8c,117,133,"($7,375.3)",+41.39 Sol,,https://x.com/valueandtime
30,Rektober,HCQb4Qrtk4qCfChDH8XvM5onymmCSmRj9bddV6QCPdRe,https://cdn.kolscan.io/profiles/HCQb4Qrtk4qCfChDH8XvM5onymmCSmRj9bddV6QCPdRe.png,HCQb4Q,11,10,"($6,434.8)",+36.11 Sol,https://t.me/RektNFA,https://x.com/rektober
30,shaka,4S8YBCt6hhi7Nr1NnKF6jF856LLN8JJFzD1a8nF5UuHA,https://cdn.kolscan.io/profiles/4S8YBCt6hhi7Nr1NnKF6jF856LLN8JJFzD1a8nF5UuHA.png,4S8YBC,205,610,"($5,310.0)",+29.80 Sol,https://t.me/shakasisland,https://x.com/solanashaka
30,Xelf,9Vk7pkBZ9KFJmzaPzNYjGedyz8qoKMQtnYyYi2AehNMT,https://cdn.kolscan.io/profiles/9Vk7pkBZ9KFJmzaPzNYjGedyz8qoKMQtnYyYi2AehNMT.png,9Vk7pk,47,33,"($5,153.3)",+28.92 Sol,https://t.me/xelfalpha,https://x.com/xelf_sol
30,Earl,F2SuErm4MviWJ2HzKXk2nuzBC6xe883CFWUDCPz6cyWm,https://cdn.kolscan.io/profiles/F2SuErm4MviWJ2HzKXk2nuzBC6xe883CFWUDCPz6cyWm.png,F2SuEr,496,879,"($4,517.3)",+25.35 Sol,,https://x.com/earlTrades
30,Letterbomb,BtMBMPkoNbnLF9Xn552guQq528KKXcsNBNNBre3oaQtr,https://cdn.kolscan.io/profiles/BtMBMPkoNbnLF9Xn552guQq528KKXcsNBNNBre3oaQtr.png,BtMBMP,1822,2457,"($4,313.1)",+24.20 Sol,,https://x.com/ihateoop
30,Trey,831yhv67QpKqLBJjbmw2xoDUeeFHGUx8RnuRj9imeoEs,https://cdn.kolscan.io/profiles/831yhv67QpKqLBJjbmw2xoDUeeFHGUx8RnuRj9imeoEs.png,831yhv,383,624,"($4,237.5)",+23.78 Sol,https://t.me/treystele,https://x.com/treysocial
30,Phineas.SOL,7KqmgKkDrAfZhLG7w57gYdkYhyLYE7mVck5MjkYRHaSG,https://cdn.kolscan.io/profiles/7KqmgKkDrAfZhLG7w57gYdkYhyLYE7mVck5MjkYRHaSG.png,7KqmgK,37,31,"($3,273.9)",+18.37 Sol,https://t.me/PhineasCabal,https://x.com/Phineas_Sol
30,Betman,BoYHJoKntk3pjkaV8qFojEonSPWmWMfQocZTwDd1bcGG,https://cdn.kolscan.io/profiles/BoYHJoKntk3pjkaV8qFojEonSPWmWMfQocZTwDd1bcGG.png,BoYHJo,208,307,"($3,257.3)",+18.28 Sol,,https://x.com/ImTheBetman
30,0xWinged,HrCPnDvDgbpbFxKxer6Pw3qEcfAQQNNjb6aJNFWgTEng,https://cdn.kolscan.io/profiles/HrCPnDvDgbpbFxKxer6Pw3qEcfAQQNNjb6aJNFWgTEng.png,HrCPnD,58,81,"($2,586.7)",+14.52 Sol,,https://x.com/0xExorcized
30,Lyxe,HLv6yCEpgjQV9PcKsvJpem8ESyULTyh9HjHn9CtqSek1,https://cdn.kolscan.io/profiles/HLv6yCEpgjQV9PcKsvJpem8ESyULTyh9HjHn9CtqSek1.png,HLv6yC,11,7,"($2,347.7)",+13.17 Sol,https://t.me/+yFy-8j3uwBBjMzhl,https://x.com/cryptolyxe
30,Sully,Ebk5ATdfrCuKi27dHZaw5YYsfREEzvvU8xeBhMxQoex6,https://cdn.kolscan.io/profiles/Ebk5ATdfrCuKi27dHZaw5YYsfREEzvvU8xeBhMxQoex6.png,Ebk5AT,51,50,"($2,281.8)",+12.81 Sol,https://t.me/kitchenofsully,https://x.com/sullyfromDeets
30,Michi,8YYDiCbPd4nM8TxrQEVdPA4aG8jys8R7Z1kKsgPL4pwh,https://cdn.kolscan.io/profiles/8YYDiCbPd4nM8TxrQEVdPA4aG8jys8R7Z1kKsgPL4pwh.png,8YYDiC,25,48,"($1,820.9)",+10.22 Sol,,https://x.com/michibets
30,LilMoonLambo,7XwZnjto6bV1W8apxiETm9F6CHMDRRPLkG19ejy7t8dZ,https://cdn.kolscan.io/profiles/7XwZnjto6bV1W8apxiETm9F6CHMDRRPLkG19ejy7t8dZ.png,7XwZnj,34,56,"($1,717.3)",+9.64 Sol,,https://x.com/LilMoonLambo
30,Jalen,F72vY99ihQsYwqEDCfz7igKXA5me6vN2zqVsVUTpw6qL,https://cdn.kolscan.io/profiles/F72vY99ihQsYwqEDCfz7igKXA5me6vN2zqVsVUTpw6qL.png,F72vY9,13,26,($810.6),+4.55 Sol,,https://x.com/RipJalens
30,Exy,8hKZKqCgZWxnvRz1XAvmbuzCAfqo5xFjH17vM2J2HTe1,https://cdn.kolscan.io/profiles/8hKZKqCgZWxnvRz1XAvmbuzCAfqo5xFjH17vM2J2HTe1.png,8hKZKq,12,5,($507.0),+2.85 Sol,,https://x.com/eth_exy
30,BagCalls,4AHgEkTsGqY77qtde4UJn9yZCrbGcM7UM3vjT3qM4G5H,https://cdn.kolscan.io/profiles/4AHgEkTsGqY77qtde4UJn9yZCrbGcM7UM3vjT3qM4G5H.png,4AHgEk,15,45,($386.0),+2.17 Sol,https://t.me/bagcalls,https://x.com/BagCalls
30,Issa,2BU3NAzgRA2gg2MpzwwXpA8X4CCRaLgrf6TY1FKfJPX2,https://cdn.kolscan.io/profiles/2BU3NAzgRA2gg2MpzwwXpA8X4CCRaLgrf6TY1FKfJPX2.png,2BU3NA,0,0,($0.0),+0.00 Sol,https://t.me/issasthoughts,https://x.com/issathecooker
30,Bobby,DBmRHNbSsVX8F6NyVaaaiuGdwo1aYGawiy3jfNcvXYSC,https://cdn.kolscan.io/profiles/DBmRHNbSsVX8F6NyVaaaiuGdwo1aYGawiy3jfNcvXYSC.png,DBmRHN,0,0,($0.0),+0.00 Sol,,https://x.com/retardmode
30,CC2,B3beyovNKBo4wF1uFrfGfpVeyEHjFyJPmEBciz7kpnoS,https://cdn.kolscan.io/profiles/B3beyovNKBo4wF1uFrfGfpVeyEHjFyJPmEBciz7kpnoS.png,B3beyo,0,0,($0.0),+0.00 Sol,,https://x.com/CC2Ventures
30,ShockedJS,6m5sW6EAPAHncxnzapi1ZVJNRb9RZHQ3Bj7FD84X9rAF,https://cdn.kolscan.io/profiles/6m5sW6EAPAHncxnzapi1ZVJNRb9RZHQ3Bj7FD84X9rAF.png,6m5sW6,0,0,($0.0),+0.00 Sol,https://t.me/shockedjstrading,https://x.com/ShockedJS
30,Izzy,42nsEk51owYM3uciuRvFerqK77yhXZyjBLRgkDzJPV2g,https://cdn.kolscan.io/profiles/42nsEk51owYM3uciuRvFerqK77yhXZyjBLRgkDzJPV2g.png,42nsEk,0,0,($0.0),+0.00 Sol,https://t.me/izzyDegens,https://x.com/degenIzzy
30,Angi,AGnd5WTHMUbyK3kjjQPdQFM3TbWcuPTtkwBFWVUwiCLu,https://cdn.kolscan.io/profiles/AGnd5WTHMUbyK3kjjQPdQFM3TbWcuPTtkwBFWVUwiCLu.png,AGnd5W,0,0,($0.0),+0.00 Sol,https://t.me/angiscalls,https://x.com/angitradez
30,Rizz,BPWsae36tY6oFz7f5MjsfTGqzi3ttM1AsAtjMvUb91tT,https://cdn.kolscan.io/profiles/BPWsae36tY6oFz7f5MjsfTGqzi3ttM1AsAtjMvUb91tT.png,BPWsae,0,0,($0.0),+0.00 Sol,,https://x.com/sollrizz
30,Hustler,HUS9ErdrDqpqQePbmfgJUTnDTE6eZ8ES62a25RihSK9U,https://cdn.kolscan.io/profiles/HUS9ErdrDqpqQePbmfgJUTnDTE6eZ8ES62a25RihSK9U.png,HUS9Er,0,0,($0.0),+0.00 Sol,https://t.me/hustlersalpha,https://x.com/JoeVargas
30,Unipcs (aka 'Bonk Guy'),5M8ACGKEXG1ojKDTMH3sMqhTihTgHYMSsZc6W8i7QW3Y,https://cdn.kolscan.io/profiles/5M8ACGKEXG1ojKDTMH3sMqhTihTgHYMSsZc6W8i7QW3Y.png,5M8ACG,0,0,($0.0),+0.00 Sol,,https://x.com/theunipcs
30,Dave Portnoy,5rkPDK4JnVAumgzeV2Zu8vjggMTtHdDtrsd5o9dhGZHD,https://cdn.kolscan.io/profiles/5rkPDK4JnVAumgzeV2Zu8vjggMTtHdDtrsd5o9dhGZHD.png,5rkPDK,0,0,($0.0),+0.00 Sol,,https://x.com/stoolpresidente
30,Obijai,C4BWYccLsbeHgZzVupFZJGvJK2nQpn8em9WtzURH4gZW,https://cdn.kolscan.io/profiles/C4BWYccLsbeHgZzVupFZJGvJK2nQpn8em9WtzURH4gZW.png,C4BWYc,0,0,($0.0),+0.00 Sol,,https://x.com/Obijai
30,Levis,GwoFJFjUTUSWq2EwTz4P2Sznoq9XYLrf8t4q5kbTgZ1R,https://cdn.kolscan.io/profiles/GwoFJFjUTUSWq2EwTz4P2Sznoq9XYLrf8t4q5kbTgZ1R.png,GwoFJF,0,1,(-$34.4),-0.19 Sol,https://t.me/LevisAlpha,https://x.com/LevisNFT
30,Lucas,B7FDzJnb7DLYH1A37tKEFss1RRSz5C7MYgTRRMaWzBqa,https://cdn.kolscan.io/profiles/B7FDzJnb7DLYH1A37tKEFss1RRSz5C7MYgTRRMaWzBqa.png,B7FDzJ,0,5,(-$173.6),-0.97 Sol,https://t.me/frontruncalls,https://x.com/LockedInLucas
30,Meechie,831qmkeGhfL8YpcXuhrug6nHj1YdK3aXMDQUCo85Auh1,https://cdn.kolscan.io/profiles/831qmkeGhfL8YpcXuhrug6nHj1YdK3aXMDQUCo85Auh1.png,831qmk,105,125,(-$411.3),-2.31 Sol,https://t.co/zb0ZJIEhEm,https://x.com/973Meech
30,Bolivian,5AyJw1VNDgTho2chipbVmuGqTuX1fCvVkLneChQkQrw8,https://cdn.kolscan.io/profiles/5AyJw1VNDgTho2chipbVmuGqTuX1fCvVkLneChQkQrw8.png,5AyJw1,3,6,(-$649.4),-3.64 Sol,http://t.me/boliviantrades,https://x.com/_bolivian
30,Chefin,6Qs6joB349h7zu1z9xRgPgMSmpBYLDQb2wtAecY4LysH,https://cdn.kolscan.io/profiles/6Qs6joB349h7zu1z9xRgPgMSmpBYLDQb2wtAecY4LysH.png,6Qs6jo,44,74,(-$716.4),-4.02 Sol,https://t.me/ChefinAlpha,https://x.com/Chefin100x
30,Dutch,9vWutdTBs66hWkeCmxaLFpkKy4q5RSe8DsFjfdxj5yFA,https://cdn.kolscan.io/profiles/9vWutdTBs66hWkeCmxaLFpkKy4q5RSe8DsFjfdxj5yFA.png,9vWutd,78,160,(-$905.4),-5.08 Sol,,https://x.com/0xDutch_
30,JB,7dP8DmRka5rmQti4zEEDjdAyaQyvFsPkcXMjEKJucqCu,https://cdn.kolscan.io/profiles/7dP8DmRka5rmQti4zEEDjdAyaQyvFsPkcXMjEKJucqCu.png,7dP8Dm,97,56,(-$918.3),-5.15 Sol,,https://x.com/Jeetburner
30,TheDefiApe,ExKCuoAzJCgCVjU3CvNoL8vVrdESTWkx3ubj6rQXwQM4,https://cdn.kolscan.io/profiles/ExKCuoAzJCgCVjU3CvNoL8vVrdESTWkx3ubj6rQXwQM4.png,ExKCuo,0,7,"(-$1,365.2)",-7.66 Sol,https://t.me/DEFIAPEALERTS,https://x.com/TheDefiApe
30,ChartFu,7i7vHEv87bs135DuoJVKe9c7abentawA5ydfWcWc8iY2,https://cdn.kolscan.io/profiles/7i7vHEv87bs135DuoJVKe9c7abentawA5ydfWcWc8iY2.png,7i7vHE,3,10,"(-$1,644.8)",-9.23 Sol,,https://x.com/ChartFuMonkey
30,Oura,4WPTQA7BB4iRdrPhgNpJihGcxKh8T43gLjMn5PbEVfQw,https://cdn.kolscan.io/profiles/4WPTQA7BB4iRdrPhgNpJihGcxKh8T43gLjMn5PbEVfQw.png,4WPTQA,69,54,"(-$1,678.2)",-9.42 Sol,https://t.me/OuraEmergencyCalls,https://x.com/Oura456
30,Aroa,Aen6LKc7sGVPTyjMd5cu9B9XVjL7m9pnvAiP2ZNJC4GZ,https://cdn.kolscan.io/profiles/Aen6LKc7sGVPTyjMd5cu9B9XVjL7m9pnvAiP2ZNJC4GZ.png,Aen6LK,3,16,"(-$2,564.9)",-14.39 Sol,https://t.me/AroasJournal,https://x.com/AroaOnSol
30,Qtdegen,7tiRXPM4wwBMRMYzmywRAE6jveS3gDbNyxgRrEoU6RLA,https://cdn.kolscan.io/profiles/7tiRXPM4wwBMRMYzmywRAE6jveS3gDbNyxgRrEoU6RLA.png,7tiRXP,235,432,"(-$2,925.2)",-16.42 Sol,,https://x.com/qtdegen
30,Sabby,9K18MstUaXmSFSBoa9qDTqWTnYhTZqdgEhuKRTVRgh6g,https://cdn.kolscan.io/profiles/9K18MstUaXmSFSBoa9qDTqWTnYhTZqdgEhuKRTVRgh6g.png,9K18Ms,21,33,"(-$3,094.6)",-17.37 Sol,,https://x.com/sabby_eth
30,s0ber,Hq5TTULwwmDjGvzQukgujHQogZ5uFSCyYHpP756Uvyae,https://cdn.kolscan.io/profiles/Hq5TTULwwmDjGvzQukgujHQogZ5uFSCyYHpP756Uvyae.png,Hq5TTU,22,60,"(-$3,744.7)",-21.02 Sol,,https://x.com/whaIecrypto
30,Jordan,EAnB5151L8ejp3SM6haLgyv3snk6oqc8acKgWEg9T5J,https://cdn.kolscan.io/profiles/EAnB5151L8ejp3SM6haLgyv3snk6oqc8acKgWEg9T5J.png,EAnB51,33,68,"(-$4,121.6)",-23.13 Sol,,https://x.com/ohFrostyyy
30,Brox,7VBTpiiEjkwRbRGHJFUz6o5fWuhPFtAmy8JGhNqwHNnn,https://cdn.kolscan.io/profiles/7VBTpiiEjkwRbRGHJFUz6o5fWuhPFtAmy8JGhNqwHNnn.png,7VBTpi,13,15,"(-$4,597.9)",-25.80 Sol,https://t.me/broxcalls,https://x.com/ohbrox
30,jitter,7PuHVAKDZ96s9P5FAt2eEdE8EYKxy9iUhvaLaMFqfCyj,https://cdn.kolscan.io/profiles/7PuHVAKDZ96s9P5FAt2eEdE8EYKxy9iUhvaLaMFqfCyj.png,7PuHVA,316,373,"(-$5,122.4)",-28.75 Sol,,https://x.com/jitterxyz
30,sp,722tXm5uB5uuG2tC43uKHXQ7Pbyz75pTokEAJv9x5VTx,https://cdn.kolscan.io/profiles/722tXm5uB5uuG2tC43uKHXQ7Pbyz75pTokEAJv9x5VTx.png,722tXm,61,284,"(-$5,882.3)",-33.01 Sol,,https://x.com/SolanaPlays
30,Jerry,HKjuMsz7JMuiQhkZsAwqogPf1KwhwACZGMcTmmtesoWv,https://cdn.kolscan.io/profiles/HKjuMsz7JMuiQhkZsAwqogPf1KwhwACZGMcTmmtesoWv.png,HKjuMs,39,48,"(-$6,233.6)",-34.98 Sol,https://t.me/jerrycabal,https://x.com/chefjerrry
30,Red,7ABz8qEFZTHPkovMDsmQkm64DZWN5wRtU7LEtD2ShkQ6,https://cdn.kolscan.io/profiles/7ABz8qEFZTHPkovMDsmQkm64DZWN5wRtU7LEtD2ShkQ6.png,7ABz8q,109,218,"(-$6,766.2)",-37.97 Sol,https://t.me/yvlred,https://x.com/redwithbag
30,mog,EzLywbxhxsAiNc7C9EY8fa9qZNUrMkayozWfHu7hbPJD,https://cdn.kolscan.io/profiles/EzLywbxhxsAiNc7C9EY8fa9qZNUrMkayozWfHu7hbPJD.png,EzLywb,109,125,"(-$7,160.3)",-40.18 Sol,,https://x.com/10piecedawg
30,Jay,HwRnKq7RPtKHvX9wyHsc1zvfHtGjPQa5tyZtGtbvfXE,https://cdn.kolscan.io/profiles/HwRnKq7RPtKHvX9wyHsc1zvfHtGjPQa5tyZtGtbvfXE.png,HwRnKq,106,305,"(-$8,361.6)",-46.92 Sol,,https://x.com/BitBoyJay
30,Collectible,Ehqd8q5rAN8V7Y7EGxYm3Tp4KPQMTVWQtzjSSPP3Upg3,https://cdn.kolscan.io/profiles/Ehqd8q5rAN8V7Y7EGxYm3Tp4KPQMTVWQtzjSSPP3Upg3.png,Ehqd8q,2,18,"(-$10,655.0)",-59.79 Sol,,https://x.com/collectible
30,GVQ,2iJNcbQ7hjwLzcRqoo37xYaTPCRMHzfcdeUmNZHbFs55,https://cdn.kolscan.io/profiles/2iJNcbQ7hjwLzcRqoo37xYaTPCRMHzfcdeUmNZHbFs55.png,2iJNcb,162,374,"(-$11,021.5)",-61.85 Sol,,https://x.com/GVQ_xx
30,Midjet,8FaNi7XawZVC17sci13dHi2NeyNTQgjZyrBxwgyMEfj1,https://cdn.kolscan.io/profiles/8FaNi7XawZVC17sci13dHi2NeyNTQgjZyrBxwgyMEfj1.png,8FaNi7,2,5,"(-$11,675.6)",-65.52 Sol,,https://x.com/MidjetV2
30,Dolo,5wcc13mXoyqe6qh2iHH5GFknojoJ7y13ZPx9K4NXTuo3,https://cdn.kolscan.io/profiles/5wcc13mXoyqe6qh2iHH5GFknojoJ7y13ZPx9K4NXTuo3.png,5wcc13,7,42,"(-$13,440.4)",-75.43 Sol,https://t.me/DolosTradingDojo,https://x.com/doloxbt
30,Monarch,H9h6UV9cwWWogcTZ5gbzQ6Z3dYDNaiJ3mUWw3aGnE3Mc,https://cdn.kolscan.io/profiles/H9h6UV9cwWWogcTZ5gbzQ6Z3dYDNaiJ3mUWw3aGnE3Mc.png,H9h6UV,34,50,"(-$13,566.9)",-76.14 Sol,https://t.me/MonarchJournal,https://x.com/MonarchBTC
30,Nach,9jyqFiLnruggwNn4EQwBNFXwpbLM9hrA4hV59ytyAVVz,https://cdn.kolscan.io/profiles/9jyqFiLnruggwNn4EQwBNFXwpbLM9hrA4hV59ytyAVVz.png,9jyqFi,147,268,"(-$16,137.4)",-90.56 Sol,https://t.me/NarrativeNach,https://x.com/NachSOL
30,Jeets,D1H83ueSw5Nxy5okxH7VBfV4jRnqAK5Mm1tm3JAj3m5t,https://cdn.kolscan.io/profiles/D1H83ueSw5Nxy5okxH7VBfV4jRnqAK5Mm1tm3JAj3m5t.png,D1H83u,1,7,"(-$19,666.9)",-110.37 Sol,,https://x.com/ieatjeets
30,bandit,5B79fMkcFeRTiwm7ehsZsFiKsC7m7n1Bgv9yLxPp9q2X,https://cdn.kolscan.io/profiles/5B79fMkcFeRTiwm7ehsZsFiKsC7m7n1Bgv9yLxPp9q2X.png,5B79fM,756,1406,"(-$20,904.7)",-117.32 Sol,,https://x.com/bandeeeez
30,Daumen,8MaVa9kdt3NW4Q5HyNAm1X5LbR8PQRVDc1W8NMVK88D5,https://cdn.kolscan.io/profiles/8MaVa9kdt3NW4Q5HyNAm1X5LbR8PQRVDc1W8NMVK88D5.png,8MaVa9,290,227,"(-$22,201.6)",-124.59 Sol,,https://x.com/daumeneth
30,Eric Cryptoman,EgnY4zmqXuaqodCLW366jjd2ecki6pvmMF74MkSxMFQW,https://cdn.kolscan.io/profiles/EgnY4zmqXuaqodCLW366jjd2ecki6pvmMF74MkSxMFQW.png,EgnY4z,1,9,"(-$25,945.3)",-145.60 Sol,https://t.me/Erics_Calls,https://x.com/EricCryptoman
30,Pain,J6TDXvarvpBdPXTaTU8eJbtso1PUCYKGkVtMKUUY8iEa,https://cdn.kolscan.io/profiles/J6TDXvarvpBdPXTaTU8eJbtso1PUCYKGkVtMKUUY8iEa.png,J6TDXv,151,256,"(-$32,370.6)",-181.66 Sol,https://t.me/PainCrypto69,https://x.com/PainCrypt0
30,Sue,AXwssg5NjQodKofcLV6ypJL4R5usvysYt9q7YVwjEgAH,https://cdn.kolscan.io/profiles/AXwssg5NjQodKofcLV6ypJL4R5usvysYt9q7YVwjEgAH.png,AXwssg,285,574,"(-$34,112.5)",-191.44 Sol,https://t.me/sue_degenjournal,https://x.com/sue_xbt
30,Solstice,GrD2umbfEBjQKFPDQvmmYNQ5eyRL9SAdWJj9FFMyeaDN,https://cdn.kolscan.io/profiles/GrD2umbfEBjQKFPDQvmmYNQ5eyRL9SAdWJj9FFMyeaDN.png,GrD2um,4,20,"(-$37,313.5)",-209.40 Sol,https://t.me/solsticesmoonshots,https://x.com/The__Solstice
30,Yenni,5B52w1ZW9tuwUduueP5J7HXz5AcGfruGoX6YoAudvyxG,https://cdn.kolscan.io/profiles/5B52w1ZW9tuwUduueP5J7HXz5AcGfruGoX6YoAudvyxG.png,5B52w1,27,78,"(-$41,394.5)",-232.30 Sol,,https://x.com/Yennii56
30,Dex,mW4PZB45isHmnjGkLpJvjKBzVS5NXzTJ8UDyug4gTsM,https://cdn.kolscan.io/profiles/mW4PZB45isHmnjGkLpJvjKBzVS5NXzTJ8UDyug4gTsM.png,mW4PZB,531,919,"(-$45,964.1)",-257.95 Sol,,https://x.com/igndex
30,Sweep,GP9PyTwGybX3q3tC5dMRKeuq8Dr15uPVvn3Z9fKbempH,https://cdn.kolscan.io/profiles/GP9PyTwGybX3q3tC5dMRKeuq8Dr15uPVvn3Z9fKbempH.png,GP9PyT,20,65,"(-$46,840.2)",-262.86 Sol,https://t.me/jsdao,https://x.com/0xSweep
30,Zyaf,F5TjPySiUJMdvqMZHnPP85Rc1vErDGV5FR5P2vdVm429,https://cdn.kolscan.io/profiles/F5TjPySiUJMdvqMZHnPP85Rc1vErDGV5FR5P2vdVm429.png,F5TjPy,302,510,"(-$54,422.6)",-305.41 Sol,https://t.me/zyafgambles,https://x.com/0xZyaf
30,Zinc,EBjXstFQBBnXVFEXouqGfUxQFmaEHu6KFbxrZQkGbjru,https://cdn.kolscan.io/profiles/EBjXstFQBBnXVFEXouqGfUxQFmaEHu6KFbxrZQkGbjru.png,EBjXst,69,216,"(-$63,151.0)",-354.40 Sol,https://t.me/zincalpha,https://x.com/zinceth
30,Gh0stee,2kv8X2a9bxnBM8NKLc6BBTX2z13GFNRL4oRotMUJRva9,https://cdn.kolscan.io/profiles/2kv8X2a9bxnBM8NKLc6BBTX2z13GFNRL4oRotMUJRva9.png,2kv8X2,259,622,"(-$76,805.9)",-431.03 Sol,,https://x.com/4GH0STEE
30,Gorilla Capital,DpNVrtA3ERfKzX4F8Pi2CVykdJJjoNxyY5QgoytAwD26,https://cdn.kolscan.io/profiles/DpNVrtA3ERfKzX4F8Pi2CVykdJJjoNxyY5QgoytAwD26.png,DpNVrt,377,628,"(-$76,813.0)",-431.07 Sol,https://t.me/gorillacapitalcooks,https://x.com/gorillacapsol
30,Profitier,Ci8HDz2LgqVeWiEasyb12EkUUcXum3CQbPLwExDBJiLu,https://cdn.kolscan.io/profiles/Ci8HDz2LgqVeWiEasyb12EkUUcXum3CQbPLwExDBJiLu.png,Ci8HDz,20,62,"(-$82,327.3)",-462.01 Sol,,https://x.com/profitierr
30,Jidn,3h65MmPZksoKKyEpEjnWU2Yk2iYT5oZDNitGy5cTaxoE,https://cdn.kolscan.io/profiles/3h65MmPZksoKKyEpEjnWU2Yk2iYT5oZDNitGy5cTaxoE.png,3h65Mm,759,1358,"(-$87,699.9)",-492.16 Sol,https://t.me/JidnLosesMoney,https://x.com/jidn_w
30,Cooker,8deJ9xeUvXSJwicYptA9mHsU2rN2pDx37KWzkDkEXhU6,https://cdn.kolscan.io/profiles/8deJ9xeUvXSJwicYptA9mHsU2rN2pDx37KWzkDkEXhU6.png,8deJ9x,616,328,"(-$96,603.2)",-542.13 Sol,https://t.me/CookersCooks,https://x.com/CookerFlips
30,S,ApRnQN2HkbCn7W2WWiT2FEKvuKJp9LugRyAE1a9Hdz1,https://cdn.kolscan.io/profiles/ApRnQN2HkbCn7W2WWiT2FEKvuKJp9LugRyAE1a9Hdz1.png,ApRnQN,185,257,"(-$96,705.9)",-542.70 Sol,,https://x.com/runitbackghost
30,Nyhrox,87MZqjjJgpuFvaU8GyQJKbZGnCFFhX82qAjBGLRXPfcn,https://cdn.kolscan.io/profiles/87MZqjjJgpuFvaU8GyQJKbZGnCFFhX82qAjBGLRXPfcn.png,87MZqj,619,1136,"(-$139,807.3)",-784.58 Sol,,https://x.com/nyhrox
30,OGAntD,215nhcAHjQQGgwpQSJQ7zR26etbjjtVdW74NLzwEgQjP,https://cdn.kolscan.io/profiles/215nhcAHjQQGgwpQSJQ7zR26etbjjtVdW74NLzwEgQjP.png,215nhc,204,284,"(-$243,029.6)","-1,363.86 Sol",,https://x.com/0GAntD
30,Pow,8zFZHuSRuDpuAR7J6FzwyF3vKNx4CVW3DFHJerQhc7Zd,https://cdn.kolscan.io/profiles/8zFZHuSRuDpuAR7J6FzwyF3vKNx4CVW3DFHJerQhc7Zd.png,8zFZHu,2,19,"(-$488,720.9)","-2,742.65 Sol",https://t.me/PowsGemCalls,https://x.com/traderpow
30,Ansem,AVAZvHLR2PcWpDf8BXY4rVxNHYRBytycHkcB5z5QNXYm,https://cdn.kolscan.io/profiles/AVAZvHLR2PcWpDf8BXY4rVxNHYRBytycHkcB5z5QNXYm.png,AVAZvH,8,47,"(-$916,703.7)","-5,144.45 Sol",,https://x.com/blknoiz06
